login studente;email
S8884676L;s8884676l@studenti.itisavogadro.it
S8884657B;s8884657b@studenti.itisavogadro.it
S8884655P;s8884655p@studenti.itisavogadro.it
S8884662P;s8884662p@studenti.itisavogadro.it
S8884628T;s8884628t@studenti.itisavogadro.it
S8884634B;s8884634b@studenti.itisavogadro.it
S8884675B;s8884675b@studenti.itisavogadro.it
S8884633C;s8884633c@studenti.itisavogadro.it
S8884670O;s8884670o@studenti.itisavogadro.it
S8884652G;s8884652g@studenti.itisavogadro.it
S8884632K;s8884632k@studenti.itisavogadro.it
S8884653C;s8884653c@studenti.itisavogadro.it
S8884659E;s8884659e@studenti.itisavogadro.it
S8884640R;s8884640r@studenti.itisavogadro.it
S8884673E;s8884673e@studenti.itisavogadro.it
S8884666M;s8884666m@studenti.itisavogadro.it
S8884631E;s8884631e@studenti.itisavogadro.it
S8884639E;s8884639e@studenti.itisavogadro.it
S8884643H;s8884643h@studenti.itisavogadro.it
S8884665G;s8884665g@studenti.itisavogadro.it
S8884649J;s8884649j@studenti.itisavogadro.it
S8884674T;s8884674t@studenti.itisavogadro.it
S8884651C;s8884651c@studenti.itisavogadro.it
S8884630Q;s8884630q@studenti.itisavogadro.it
S9360985W;s9360985w@studenti.itisavogadro.it
S8884638K;s8884638k@studenti.itisavogadro.it
S8884644C;s8884644c@studenti.itisavogadro.it
S8884648P;s8884648p@studenti.itisavogadro.it
S8884645E;s8884645e@studenti.itisavogadro.it
S8884636L;s8884636l@studenti.itisavogadro.it
S8884664G;s8884664g@studenti.itisavogadro.it
S8884637H;s8884637h@studenti.itisavogadro.it
S8884647E;s8884647e@studenti.itisavogadro.it
S8884629Z;s8884629z@studenti.itisavogadro.it
S8884650W;s8884650w@studenti.itisavogadro.it
S8884663P;s8884663p@studenti.itisavogadro.it
S8884641B;s8884641b@studenti.itisavogadro.it
S8884646G;s8884646g@studenti.itisavogadro.it
S8884656J;s8884656j@studenti.itisavogadro.it
S8884661Z;s8884661z@studenti.itisavogadro.it
S8884671K;s8884671k@studenti.itisavogadro.it
S8884642X;s8884642x@studenti.itisavogadro.it
S8884667O;s8884667o@studenti.itisavogadro.it
S8884660D;s8884660d@studenti.itisavogadro.it
S8884669B;s8884669b@studenti.itisavogadro.it
S8884672U;s8884672u@studenti.itisavogadro.it
S8884654J;s8884654j@studenti.itisavogadro.it
S8884668X;s8884668x@studenti.itisavogadro.it
S8884635H;s8884635h@studenti.itisavogadro.it
S8145515I;s8145515i@studenti.itisavogadro.it
S8145567J;s8145567j@studenti.itisavogadro.it
S8145560O;s8145560o@studenti.itisavogadro.it
S8145579V;s8145579v@studenti.itisavogadro.it
S8145523S;s8145523s@studenti.itisavogadro.it
S8145549K;s8145549k@studenti.itisavogadro.it
S8145539F;s8145539f@studenti.itisavogadro.it
S8145553R;s8145553r@studenti.itisavogadro.it
S8145572V;s8145572v@studenti.itisavogadro.it
S8145530J;s8145530j@studenti.itisavogadro.it
S8514033V;s8514033v@studenti.itisavogadro.it
S9270506H;s9270506h@studenti.itisavogadro.it
S8666405M;s8666405m@studenti.itisavogadro.it
S8145584D;s8145584d@studenti.itisavogadro.it
S8145573H;s8145573h@studenti.itisavogadro.it
S8145576K;s8145576k@studenti.itisavogadro.it
S8145524N;s8145524n@studenti.itisavogadro.it
S8145538B;s8145538b@studenti.itisavogadro.it
S8145540I;s8145540i@studenti.itisavogadro.it
S8145544J;s8145544j@studenti.itisavogadro.it
S8145536I;s8145536i@studenti.itisavogadro.it
S8145559R;s8145559r@studenti.itisavogadro.it
S8145537U;s8145537u@studenti.itisavogadro.it
S8145593D;s8145593d@studenti.itisavogadro.it
S8145546B;s8145546b@studenti.itisavogadro.it
S8145542O;s8145542o@studenti.itisavogadro.it
S8145533V;s8145533v@studenti.itisavogadro.it
S8145583C;s8145583c@studenti.itisavogadro.it
S8145574I;s8145574i@studenti.itisavogadro.it
S8145557Y;s8145557y@studenti.itisavogadro.it
S8145522G;s8145522g@studenti.itisavogadro.it
S8145548Y;s8145548y@studenti.itisavogadro.it
S8145587V;s8145587v@studenti.itisavogadro.it
S8145547V;s8145547v@studenti.itisavogadro.it
S8145545H;s8145545h@studenti.itisavogadro.it
S8145566T;s8145566t@studenti.itisavogadro.it
S8145554K;s8145554k@studenti.itisavogadro.it
S8145588K;s8145588k@studenti.itisavogadro.it
S8515746R;s8515746r@studenti.itisavogadro.it
S8145564V;s8145564v@studenti.itisavogadro.it
S8145541M;s8145541m@studenti.itisavogadro.it
S8515662F;s8515662f@studenti.itisavogadro.it
S8145543A;s8145543a@studenti.itisavogadro.it
S8145561G;s8145561g@studenti.itisavogadro.it
S8145527X;s8145527x@studenti.itisavogadro.it
S8145525R;s8145525r@studenti.itisavogadro.it
S8145514E;s8145514e@studenti.itisavogadro.it
S8145578B;s8145578b@studenti.itisavogadro.it
S8514139I;s8514139i@studenti.itisavogadro.it
S8145571P;s8145571p@studenti.itisavogadro.it
S8145526V;s8145526v@studenti.itisavogadro.it
S8145535Y;s8145535y@studenti.itisavogadro.it
S8145569Y;s8145569y@studenti.itisavogadro.it
S8145528W;s8145528w@studenti.itisavogadro.it
S8145520U;s8145520u@studenti.itisavogadro.it
S8145529E;s8145529e@studenti.itisavogadro.it
S8515741I;s8515741i@studenti.itisavogadro.it
S8145516G;s8145516g@studenti.itisavogadro.it
S8145586R;s8145586r@studenti.itisavogadro.it
S7814029P;s7814029p@studenti.itisavogadro.it
S8145555G;s8145555g@studenti.itisavogadro.it
S8145563S;s8145563s@studenti.itisavogadro.it
S8514201U;s8514201u@studenti.itisavogadro.it
S8145562G;s8145562g@studenti.itisavogadro.it
S8145517W;s8145517w@studenti.itisavogadro.it
S8145590L;s8145590l@studenti.itisavogadro.it
S8145550Z;s8145550z@studenti.itisavogadro.it
S8145534E;s8145534e@studenti.itisavogadro.it
S8145521M;s8145521m@studenti.itisavogadro.it
S8145589E;s8145589e@studenti.itisavogadro.it
S8145531H;s8145531h@studenti.itisavogadro.it
S8145581C;s8145581c@studenti.itisavogadro.it
S8145577K;s8145577k@studenti.itisavogadro.it
S8145556A;s8145556a@studenti.itisavogadro.it
S7813858R;s7813858r@studenti.itisavogadro.it
S7814180K;s7814180k@studenti.itisavogadro.it
S7814177U;s7814177u@studenti.itisavogadro.it
S8457856B;s8457856b@studenti.itisavogadro.it
S7814136K;s7814136k@studenti.itisavogadro.it
S7814111X;s7814111x@studenti.itisavogadro.it
S7814106R;s7814106r@studenti.itisavogadro.it
S7814090C;s7814090c@studenti.itisavogadro.it
S7814158P;s7814158p@studenti.itisavogadro.it
S7813834K;s7813834k@studenti.itisavogadro.it
S7814046W;s7814046w@studenti.itisavogadro.it
S7814027O;s7814027o@studenti.itisavogadro.it
S8461936Q;s8461936q@studenti.itisavogadro.it
S6714027X;s6714027x@studenti.itisavogadro.it
S7814021X;s7814021x@studenti.itisavogadro.it
S7814025M;s7814025m@studenti.itisavogadro.it
S5881707J;s5881707j@studenti.itisavogadro.it
S7813850B;s7813850b@studenti.itisavogadro.it
S7813967Q;s7813967q@studenti.itisavogadro.it
S7813950E;s7813950e@studenti.itisavogadro.it
S7813944K;s7813944k@studenti.itisavogadro.it
S7813933A;s7813933a@studenti.itisavogadro.it
S8462660X;s8462660x@studenti.itisavogadro.it
S7813917D;s7813917d@studenti.itisavogadro.it
S7814146B;s7814146b@studenti.itisavogadro.it
S7813898V;s7813898v@studenti.itisavogadro.it
S7814145P;s7814145p@studenti.itisavogadro.it
S7813868S;s7813868s@studenti.itisavogadro.it
S8463112G;s8463112g@studenti.itisavogadro.it
S7814122U;s7814122u@studenti.itisavogadro.it
S6714095M;s6714095m@studenti.itisavogadro.it
S7814081J;s7814081j@studenti.itisavogadro.it
S7814162G;s7814162g@studenti.itisavogadro.it
S8056921F;s8056921f@studenti.itisavogadro.it
S7814086Y;s7814086y@studenti.itisavogadro.it
S7814163G;s7814163g@studenti.itisavogadro.it
S7814043T;s7814043t@studenti.itisavogadro.it
S7814044U;s7814044u@studenti.itisavogadro.it
S6714035W;s6714035w@studenti.itisavogadro.it
S7814065G;s7814065g@studenti.itisavogadro.it
S7814188M;s7814188m@studenti.itisavogadro.it
S8463145S;s8463145s@studenti.itisavogadro.it
S7813964S;s7813964s@studenti.itisavogadro.it
S8463157T;s8463157t@studenti.itisavogadro.it
S6713979N;s6713979n@studenti.itisavogadro.it
S7814194C;s7814194c@studenti.itisavogadro.it
S7814178P;s7814178p@studenti.itisavogadro.it
S7814184L;s7814184l@studenti.itisavogadro.it
S7813913K;s7813913k@studenti.itisavogadro.it
S7813909D;s7813909d@studenti.itisavogadro.it
S7813899J;s7813899j@studenti.itisavogadro.it
S7813871H;s7813871h@studenti.itisavogadro.it
S7814137A;s7814137a@studenti.itisavogadro.it
S7814133H;s7814133h@studenti.itisavogadro.it
S7814109E;s7814109e@studenti.itisavogadro.it
S7814105Z;s7814105z@studenti.itisavogadro.it
S7813824P;s7813824p@studenti.itisavogadro.it
S6714068U;s6714068u@studenti.itisavogadro.it
S7814066Q;s7814066q@studenti.itisavogadro.it
S7813914F;s7813914f@studenti.itisavogadro.it
S7814039O;s7814039o@studenti.itisavogadro.it
S7814047S;s7814047s@studenti.itisavogadro.it
S7814031A;s7814031a@studenti.itisavogadro.it
S7814024I;s7814024i@studenti.itisavogadro.it
S7814156S;s7814156s@studenti.itisavogadro.it
S7813976R;s7813976r@studenti.itisavogadro.it
S7814154G;s7814154g@studenti.itisavogadro.it
S7813938U;s7813938u@studenti.itisavogadro.it
S7813803E;s7813803e@studenti.itisavogadro.it
S7813916T;s7813916t@studenti.itisavogadro.it
S7814144D;s7814144d@studenti.itisavogadro.it
S7813905O;s7813905o@studenti.itisavogadro.it
S7813878N;s7813878n@studenti.itisavogadro.it
S7813864P;s7813864p@studenti.itisavogadro.it
S7813875M;s7813875m@studenti.itisavogadro.it
S6713896B;s6713896b@studenti.itisavogadro.it
S6714104S;s6714104s@studenti.itisavogadro.it
S6714099L;s6714099l@studenti.itisavogadro.it
S6714122R;s6714122r@studenti.itisavogadro.it
S6714119I;s6714119i@studenti.itisavogadro.it
S6713878U;s6713878u@studenti.itisavogadro.it
S6714117N;s6714117n@studenti.itisavogadro.it
S6714032L;s6714032l@studenti.itisavogadro.it
S6714036M;s6714036m@studenti.itisavogadro.it
S6713941G;s6713941g@studenti.itisavogadro.it
S6713891E;s6713891e@studenti.itisavogadro.it
S6714114J;s6714114j@studenti.itisavogadro.it
S6713990X;s6713990x@studenti.itisavogadro.it
S6713994O;s6713994o@studenti.itisavogadro.it
S6713996Q;s6713996q@studenti.itisavogadro.it
S6713993N;s6713993n@studenti.itisavogadro.it
S6713972F;s6713972f@studenti.itisavogadro.it
S7814152J;s7814152j@studenti.itisavogadro.it
S6713945B;s6713945b@studenti.itisavogadro.it
S5779807Z;s5779807z@studenti.itisavogadro.it
S6714125W;s6714125w@studenti.itisavogadro.it
S6713936U;s6713936u@studenti.itisavogadro.it
S6713932F;s6713932f@studenti.itisavogadro.it
S6713930J;s6713930j@studenti.itisavogadro.it
S6713920M;s6713920m@studenti.itisavogadro.it
S6714109L;s6714109l@studenti.itisavogadro.it
S6714108X;s6714108x@studenti.itisavogadro.it
S6713912L;s6713912l@studenti.itisavogadro.it
S6713911H;s6713911h@studenti.itisavogadro.it
S6714111C;s6714111c@studenti.itisavogadro.it
S6713867U;s6713867u@studenti.itisavogadro.it
S6713872Q;s6713872q@studenti.itisavogadro.it
S6714123X;s6714123x@studenti.itisavogadro.it
S6714093L;s6714093l@studenti.itisavogadro.it
S6714094A;s6714094a@studenti.itisavogadro.it
S6714075U;s6714075u@studenti.itisavogadro.it
S6714118C;s6714118c@studenti.itisavogadro.it
S6714066P;s6714066p@studenti.itisavogadro.it
S6713862J;s6713862j@studenti.itisavogadro.it
S6714060E;s6714060e@studenti.itisavogadro.it
S5779955T;s5779955t@studenti.itisavogadro.it
S6714046J;s6714046j@studenti.itisavogadro.it
S6714031J;s6714031j@studenti.itisavogadro.it
S6714029M;s6714029m@studenti.itisavogadro.it
S6714033N;s6714033n@studenti.itisavogadro.it
S5780027W;s5780027w@studenti.itisavogadro.it
S8530316M;s8530316m@studenti.itisavogadro.it
S6714006H;s6714006h@studenti.itisavogadro.it
S6713969O;s6713969o@studenti.itisavogadro.it
S6713967Z;s6713967z@studenti.itisavogadro.it
S6713977E;s6713977e@studenti.itisavogadro.it
S6713995W;s6713995w@studenti.itisavogadro.it
S6714113S;s6714113s@studenti.itisavogadro.it
S7187330W;s7187330w@studenti.itisavogadro.it
S6713958X;s6713958x@studenti.itisavogadro.it
S6713917C;s6713917c@studenti.itisavogadro.it
S6714110O;s6714110o@studenti.itisavogadro.it
S7813873T;s7813873t@studenti.itisavogadro.it
S6713895D;s6713895d@studenti.itisavogadro.it
S4876084E;s4876084e@studenti.itisavogadro.it
S5780018C;s5780018c@studenti.itisavogadro.it
S5780010Q;s5780010q@studenti.itisavogadro.it
S7814108C;s7814108c@studenti.itisavogadro.it
S5780011C;s5780011c@studenti.itisavogadro.it
S5779997B;s5779997b@studenti.itisavogadro.it
S5779995V;s5779995v@studenti.itisavogadro.it
S5780004A;s5780004a@studenti.itisavogadro.it
S4876040R;s4876040r@studenti.itisavogadro.it
S5779959S;s5779959s@studenti.itisavogadro.it
S5779991C;s5779991c@studenti.itisavogadro.it
S5779985Q;s5779985q@studenti.itisavogadro.it
S7814091Q;s7814091q@studenti.itisavogadro.it
S5779913O;s5779913o@studenti.itisavogadro.it
S5779896C;s5779896c@studenti.itisavogadro.it
S7813810T;s7813810t@studenti.itisavogadro.it
S5779752I;s5779752i@studenti.itisavogadro.it
S5780035N;s5780035n@studenti.itisavogadro.it
S5779884P;s5779884p@studenti.itisavogadro.it
S5779709D;s5779709d@studenti.itisavogadro.it
S8029540J;s8029540j@studenti.itisavogadro.it
S4875893Y;s4875893y@studenti.itisavogadro.it
S5779815A;s5779815a@studenti.itisavogadro.it
S5780030E;s5780030e@studenti.itisavogadro.it
S5779792U;s5779792u@studenti.itisavogadro.it
S5779776H;s5779776h@studenti.itisavogadro.it
S5779971A;s5779971a@studenti.itisavogadro.it
S5780033K;s5780033k@studenti.itisavogadro.it
S5779725A;s5779725a@studenti.itisavogadro.it
S5779819V;s5779819v@studenti.itisavogadro.it
S5780016T;s5780016t@studenti.itisavogadro.it
S5780040T;s5780040t@studenti.itisavogadro.it
S5780041X;s5780041x@studenti.itisavogadro.it
S5779978M;s5779978m@studenti.itisavogadro.it
S5779970A;s5779970a@studenti.itisavogadro.it
S5779928F;s5779928f@studenti.itisavogadro.it
S8549766H;s8549766h@studenti.itisavogadro.it
S5780053G;s5780053g@studenti.itisavogadro.it
S5779891Z;s5779891z@studenti.itisavogadro.it
S5779893X;s5779893x@studenti.itisavogadro.it
S5779871R;s5779871r@studenti.itisavogadro.it
S5780032U;s5780032u@studenti.itisavogadro.it
S5780044I;s5780044i@studenti.itisavogadro.it
S5779803I;s5779803i@studenti.itisavogadro.it
S5779700J;s5779700j@studenti.itisavogadro.it
S5780028T;s5780028t@studenti.itisavogadro.it
S5779723L;s5779723l@studenti.itisavogadro.it
S5780051O;s5780051o@studenti.itisavogadro.it
S5779778M;s5779778m@studenti.itisavogadro.it
S5780046K;s5780046k@studenti.itisavogadro.it
S5779772C;s5779772c@studenti.itisavogadro.it
S8884343Q;s8884343q@studenti.itisavogadro.it
S8884344Z;s8884344z@studenti.itisavogadro.it
S8884302U;s8884302u@studenti.itisavogadro.it
S8884362O;s8884362o@studenti.itisavogadro.it
S8884303S;s8884303s@studenti.itisavogadro.it
S8884306F;s8884306f@studenti.itisavogadro.it
S8884377Q;s8884377q@studenti.itisavogadro.it
S8884511D;s8884511d@studenti.itisavogadro.it
S8884550X;s8884550x@studenti.itisavogadro.it
S8884504P;s8884504p@studenti.itisavogadro.it
S8884560G;s8884560g@studenti.itisavogadro.it
S8884340O;s8884340o@studenti.itisavogadro.it
S8884585X;s8884585x@studenti.itisavogadro.it
S8884489B;s8884489b@studenti.itisavogadro.it
S8884309M;s8884309m@studenti.itisavogadro.it
S8884526J;s8884526j@studenti.itisavogadro.it
S8884599R;s8884599r@studenti.itisavogadro.it
S8884350F;s8884350f@studenti.itisavogadro.it
S8884471A;s8884471a@studenti.itisavogadro.it
S8884510N;s8884510n@studenti.itisavogadro.it
S8884391D;s8884391d@studenti.itisavogadro.it
S8884397A;s8884397a@studenti.itisavogadro.it
S8884501A;s8884501a@studenti.itisavogadro.it
S8884372X;s8884372x@studenti.itisavogadro.it
S8884496H;s8884496h@studenti.itisavogadro.it
S8884564T;s8884564t@studenti.itisavogadro.it
S8884312R;s8884312r@studenti.itisavogadro.it
S8884551X;s8884551x@studenti.itisavogadro.it
S8884524N;s8884524n@studenti.itisavogadro.it
S8884451I;s8884451i@studenti.itisavogadro.it
S8884319H;s8884319h@studenti.itisavogadro.it
S8884561M;s8884561m@studenti.itisavogadro.it
S8884378V;s8884378v@studenti.itisavogadro.it
S8884400J;s8884400j@studenti.itisavogadro.it
S8884436R;s8884436r@studenti.itisavogadro.it
S8884488T;s8884488t@studenti.itisavogadro.it
S8884464S;s8884464s@studenti.itisavogadro.it
S8884405O;s8884405o@studenti.itisavogadro.it
S8884365D;s8884365d@studenti.itisavogadro.it
S8884497P;s8884497p@studenti.itisavogadro.it
S8884483V;s8884483v@studenti.itisavogadro.it
S8884396W;s8884396w@studenti.itisavogadro.it
S8884513H;s8884513h@studenti.itisavogadro.it
S8884387P;s8884387p@studenti.itisavogadro.it
S8884292M;s8884292m@studenti.itisavogadro.it
S8884538R;s8884538r@studenti.itisavogadro.it
S8884382G;s8884382g@studenti.itisavogadro.it
S8884355I;s8884355i@studenti.itisavogadro.it
S8884577S;s8884577s@studenti.itisavogadro.it
S8884282L;s8884282l@studenti.itisavogadro.it
S8884364F;s8884364f@studenti.itisavogadro.it
S8884324R;s8884324r@studenti.itisavogadro.it
S8884384R;s8884384r@studenti.itisavogadro.it
S8884469J;s8884469j@studenti.itisavogadro.it
S8884476T;s8884476t@studenti.itisavogadro.it
S8884434F;s8884434f@studenti.itisavogadro.it
S8884283L;s8884283l@studenti.itisavogadro.it
S8884490C;s8884490c@studenti.itisavogadro.it
S8884285S;s8884285s@studenti.itisavogadro.it
S8884545P;s8884545p@studenti.itisavogadro.it
S8884408P;s8884408p@studenti.itisavogadro.it
S8884466W;s8884466w@studenti.itisavogadro.it
S8884568A;s8884568a@studenti.itisavogadro.it
S8884505T;s8884505t@studenti.itisavogadro.it
S8884332V;s8884332v@studenti.itisavogadro.it
S8884381W;s8884381w@studenti.itisavogadro.it
S8884584P;s8884584p@studenti.itisavogadro.it
S8884536K;s8884536k@studenti.itisavogadro.it
S8884416R;s8884416r@studenti.itisavogadro.it
S8884492E;s8884492e@studenti.itisavogadro.it
S8884503S;s8884503s@studenti.itisavogadro.it
S8884548Q;s8884548q@studenti.itisavogadro.it
S8884570B;s8884570b@studenti.itisavogadro.it
S8884418U;s8884418u@studenti.itisavogadro.it
S8884320Y;s8884320y@studenti.itisavogadro.it
S8884569U;s8884569u@studenti.itisavogadro.it
S8884363C;s8884363c@studenti.itisavogadro.it
S8884438S;s8884438s@studenti.itisavogadro.it
S8884583A;s8884583a@studenti.itisavogadro.it
S8884542A;s8884542a@studenti.itisavogadro.it
S8884346F;s8884346f@studenti.itisavogadro.it
S8884576G;s8884576g@studenti.itisavogadro.it
S8884375Y;s8884375y@studenti.itisavogadro.it
S8884566R;s8884566r@studenti.itisavogadro.it
S8884454R;s8884454r@studenti.itisavogadro.it
S8884307R;s8884307r@studenti.itisavogadro.it
S8884406E;s8884406e@studenti.itisavogadro.it
S8884534U;s8884534u@studenti.itisavogadro.it
S8884473M;s8884473m@studenti.itisavogadro.it
S8884520M;s8884520m@studenti.itisavogadro.it
S8884440J;s8884440j@studenti.itisavogadro.it
S8884311V;s8884311v@studenti.itisavogadro.it
S8884386H;s8884386h@studenti.itisavogadro.it
S8884360K;s8884360k@studenti.itisavogadro.it
S8884506J;s8884506j@studenti.itisavogadro.it
S8884458K;s8884458k@studenti.itisavogadro.it
S8884475T;s8884475t@studenti.itisavogadro.it
S8884531D;s8884531d@studenti.itisavogadro.it
S8884299U;s8884299u@studenti.itisavogadro.it
S8884461V;s8884461v@studenti.itisavogadro.it
S8884448T;s8884448t@studenti.itisavogadro.it
S8884347H;s8884347h@studenti.itisavogadro.it
S8884463D;s8884463d@studenti.itisavogadro.it
S8884389W;s8884389w@studenti.itisavogadro.it
S8884525Z;s8884525z@studenti.itisavogadro.it
S8884402B;s8884402b@studenti.itisavogadro.it
S8884467I;s8884467i@studenti.itisavogadro.it
S8884474D;s8884474d@studenti.itisavogadro.it
S8884491E;s8884491e@studenti.itisavogadro.it
S8884367T;s8884367t@studenti.itisavogadro.it
S8884572P;s8884572p@studenti.itisavogadro.it
S8884446K;s8884446k@studenti.itisavogadro.it
S8884426I;s8884426i@studenti.itisavogadro.it
S8884428Z;s8884428z@studenti.itisavogadro.it
S8884366T;s8884366t@studenti.itisavogadro.it
S8884514A;s8884514a@studenti.itisavogadro.it
S8884517Q;s8884517q@studenti.itisavogadro.it
S8884336E;s8884336e@studenti.itisavogadro.it
S8884553F;s8884553f@studenti.itisavogadro.it
S8884601L;s8884601l@studenti.itisavogadro.it
S8884527P;s8884527p@studenti.itisavogadro.it
S8884380S;s8884380s@studenti.itisavogadro.it
S8884556I;s8884556i@studenti.itisavogadro.it
S8884390F;s8884390f@studenti.itisavogadro.it
S8884291M;s8884291m@studenti.itisavogadro.it
S8884392X;s8884392x@studenti.itisavogadro.it
S8884519D;s8884519d@studenti.itisavogadro.it
S8884315A;s8884315a@studenti.itisavogadro.it
S8884424G;s8884424g@studenti.itisavogadro.it
S8884351P;s8884351p@studenti.itisavogadro.it
S8884279K;s8884279k@studenti.itisavogadro.it
S8884287O;s8884287o@studenti.itisavogadro.it
S8884472I;s8884472i@studenti.itisavogadro.it
S8884327T;s8884327t@studenti.itisavogadro.it
S8884297T;s8884297t@studenti.itisavogadro.it
S8884323M;s8884323m@studenti.itisavogadro.it
S8884512L;s8884512l@studenti.itisavogadro.it
S8884541Q;s8884541q@studenti.itisavogadro.it
S8884329E;s8884329e@studenti.itisavogadro.it
S8884425G;s8884425g@studenti.itisavogadro.it
S8884457J;s8884457j@studenti.itisavogadro.it
S8884441N;s8884441n@studenti.itisavogadro.it
S8884447O;s8884447o@studenti.itisavogadro.it
S8884500S;s8884500s@studenti.itisavogadro.it
S8884420X;s8884420x@studenti.itisavogadro.it
S8884554E;s8884554e@studenti.itisavogadro.it
S8884565D;s8884565d@studenti.itisavogadro.it
S8884374C;s8884374c@studenti.itisavogadro.it
S8884331D;s8884331d@studenti.itisavogadro.it
S8884415L;s8884415l@studenti.itisavogadro.it
S8884325D;s8884325d@studenti.itisavogadro.it
S8884431W;s8884431w@studenti.itisavogadro.it
S8884352H;s8884352h@studenti.itisavogadro.it
S8884335U;s8884335u@studenti.itisavogadro.it
S8884546Z;s8884546z@studenti.itisavogadro.it
S8884521G;s8884521g@studenti.itisavogadro.it
S8884582A;s8884582a@studenti.itisavogadro.it
S8884321G;s8884321g@studenti.itisavogadro.it
S8884358P;s8884358p@studenti.itisavogadro.it
S8884597E;s8884597e@studenti.itisavogadro.it
S8884412Q;s8884412q@studenti.itisavogadro.it
S8884535U;s8884535u@studenti.itisavogadro.it
S8884318R;s8884318r@studenti.itisavogadro.it
S8884555C;s8884555c@studenti.itisavogadro.it
S8884600P;s8884600p@studenti.itisavogadro.it
S8884574M;s8884574m@studenti.itisavogadro.it
S8884404Y;s8884404y@studenti.itisavogadro.it
S8884298C;s8884298c@studenti.itisavogadro.it
S8884413U;s8884413u@studenti.itisavogadro.it
S8884480L;s8884480l@studenti.itisavogadro.it
S8884537U;s8884537u@studenti.itisavogadro.it
S8884361Q;s8884361q@studenti.itisavogadro.it
S8884280F;s8884280f@studenti.itisavogadro.it
S8884305V;s8884305v@studenti.itisavogadro.it
S8884571N;s8884571n@studenti.itisavogadro.it
S8884395E;s8884395e@studenti.itisavogadro.it
S8884581I;s8884581i@studenti.itisavogadro.it
S8884580I;s8884580i@studenti.itisavogadro.it
S8884452S;s8884452s@studenti.itisavogadro.it
S8884376M;s8884376m@studenti.itisavogadro.it
S8884543U;s8884543u@studenti.itisavogadro.it
S8884316E;s8884316e@studenti.itisavogadro.it
S8884530D;s8884530d@studenti.itisavogadro.it
S8884468H;s8884468h@studenti.itisavogadro.it
S8884456L;s8884456l@studenti.itisavogadro.it
S8884559N;s8884559n@studenti.itisavogadro.it
S8884529G;s8884529g@studenti.itisavogadro.it
S8884356A;s8884356a@studenti.itisavogadro.it
S8884487A;s8884487a@studenti.itisavogadro.it
S8884359T;s8884359t@studenti.itisavogadro.it
S8884403B;s8884403b@studenti.itisavogadro.it
S8884518N;s8884518n@studenti.itisavogadro.it
S8884509M;s8884509m@studenti.itisavogadro.it
S8884342W;s8884342w@studenti.itisavogadro.it
S8884539Z;s8884539z@studenti.itisavogadro.it
S8884549K;s8884549k@studenti.itisavogadro.it
S8884317A;s8884317a@studenti.itisavogadro.it
S8884393R;s8884393r@studenti.itisavogadro.it
S8884547H;s8884547h@studenti.itisavogadro.it
S8884498K;s8884498k@studenti.itisavogadro.it
S8884502O;s8884502o@studenti.itisavogadro.it
S8884328A;s8884328a@studenti.itisavogadro.it
S8884333B;s8884333b@studenti.itisavogadro.it
S8884373F;s8884373f@studenti.itisavogadro.it
S8884433Q;s8884433q@studenti.itisavogadro.it
S8884495J;s8884495j@studenti.itisavogadro.it
S8884460B;s8884460b@studenti.itisavogadro.it
S8884544H;s8884544h@studenti.itisavogadro.it
S8884348M;s8884348m@studenti.itisavogadro.it
S8884465A;s8884465a@studenti.itisavogadro.it
S8884371Z;s8884371z@studenti.itisavogadro.it
S8884330H;s8884330h@studenti.itisavogadro.it
S8884422F;s8884422f@studenti.itisavogadro.it
S8884310P;s8884310p@studenti.itisavogadro.it
S8884427C;s8884427c@studenti.itisavogadro.it
S8884430G;s8884430g@studenti.itisavogadro.it
S8884419W;s8884419w@studenti.itisavogadro.it
S8884578P;s8884578p@studenti.itisavogadro.it
S8884493Q;s8884493q@studenti.itisavogadro.it
S8884370F;s8884370f@studenti.itisavogadro.it
S8884341S;s8884341s@studenti.itisavogadro.it
S8884401T;s8884401t@studenti.itisavogadro.it
S8884410M;s8884410m@studenti.itisavogadro.it
S8884354S;s8884354s@studenti.itisavogadro.it
S8884494X;s8884494x@studenti.itisavogadro.it
S8884437D;s8884437d@studenti.itisavogadro.it
S8884563Y;s8884563y@studenti.itisavogadro.it
S8884558X;s8884558x@studenti.itisavogadro.it
S8884429P;s8884429p@studenti.itisavogadro.it
S8884533R;s8884533r@studenti.itisavogadro.it
S8884423D;s8884423d@studenti.itisavogadro.it
S8884579Z;s8884579z@studenti.itisavogadro.it
S8884477X;s8884477x@studenti.itisavogadro.it
S8884337U;s8884337u@studenti.itisavogadro.it
S8146055V;s8146055v@studenti.itisavogadro.it
S8884443N;s8884443n@studenti.itisavogadro.it
S8884314U;s8884314u@studenti.itisavogadro.it
S8884557Q;s8884557q@studenti.itisavogadro.it
S8884575K;s8884575k@studenti.itisavogadro.it
S8884453C;s8884453c@studenti.itisavogadro.it
S8884439O;s8884439o@studenti.itisavogadro.it
S8884357M;s8884357m@studenti.itisavogadro.it
S8884368C;s8884368c@studenti.itisavogadro.it
S8884388K;s8884388k@studenti.itisavogadro.it
S8884294F;s8884294f@studenti.itisavogadro.it
S8884602L;s8884602l@studenti.itisavogadro.it
S8884432Q;s8884432q@studenti.itisavogadro.it
S8884322A;s8884322a@studenti.itisavogadro.it
S8884532B;s8884532b@studenti.itisavogadro.it
S8884442H;s8884442h@studenti.itisavogadro.it
S8884369O;s8884369o@studenti.itisavogadro.it
S8884485Q;s8884485q@studenti.itisavogadro.it
S8884399V;s8884399v@studenti.itisavogadro.it
S8884462B;s8884462b@studenti.itisavogadro.it
S8884288T;s8884288t@studenti.itisavogadro.it
S8884349U;s8884349u@studenti.itisavogadro.it
S8884414R;s8884414r@studenti.itisavogadro.it
S8884300K;s8884300k@studenti.itisavogadro.it
S8884379H;s8884379h@studenti.itisavogadro.it
S8884528O;s8884528o@studenti.itisavogadro.it
S8884459W;s8884459w@studenti.itisavogadro.it
S8884479U;s8884479u@studenti.itisavogadro.it
S8884552T;s8884552t@studenti.itisavogadro.it
S8884385Z;s8884385z@studenti.itisavogadro.it
S8884508S;s8884508s@studenti.itisavogadro.it
S8884523S;s8884523s@studenti.itisavogadro.it
S8884339T;s8884339t@studenti.itisavogadro.it
S8145870U;s8145870u@studenti.itisavogadro.it
S8884353B;s8884353b@studenti.itisavogadro.it
S8884470O;s8884470o@studenti.itisavogadro.it
S8884295L;s8884295l@studenti.itisavogadro.it
S8884507V;s8884507v@studenti.itisavogadro.it
S8884334K;s8884334k@studenti.itisavogadro.it
S8884522Y;s8884522y@studenti.itisavogadro.it
S8884598J;s8884598j@studenti.itisavogadro.it
S8884286E;s8884286e@studenti.itisavogadro.it
S8884290I;s8884290i@studenti.itisavogadro.it
S8884567Z;s8884567z@studenti.itisavogadro.it
S8884516E;s8884516e@studenti.itisavogadro.it
S8884478M;s8884478m@studenti.itisavogadro.it
S8884394U;s8884394u@studenti.itisavogadro.it
S8884296D;s8884296d@studenti.itisavogadro.it
S8884450Q;s8884450q@studenti.itisavogadro.it
S8884421V;s8884421v@studenti.itisavogadro.it
S8884484W;s8884484w@studenti.itisavogadro.it
S8145910Z;s8145910z@studenti.itisavogadro.it
S8884499E;s8884499e@studenti.itisavogadro.it
S8884345Z;s8884345z@studenti.itisavogadro.it
S8884482Z;s8884482z@studenti.itisavogadro.it
S8884449H;s8884449h@studenti.itisavogadro.it
S8884383M;s8884383m@studenti.itisavogadro.it
S8884326H;s8884326h@studenti.itisavogadro.it
S8884308S;s8884308s@studenti.itisavogadro.it
S8884411K;s8884411k@studenti.itisavogadro.it
S8884289R;s8884289r@studenti.itisavogadro.it
S8884304F;s8884304f@studenti.itisavogadro.it
S8884455Z;s8884455z@studenti.itisavogadro.it
S8884573T;s8884573t@studenti.itisavogadro.it
S8884407W;s8884407w@studenti.itisavogadro.it
S8884445Q;s8884445q@studenti.itisavogadro.it
S8884301K;s8884301k@studenti.itisavogadro.it
S8884435N;s8884435n@studenti.itisavogadro.it
S8884313P;s8884313p@studenti.itisavogadro.it
S8884338P;s8884338p@studenti.itisavogadro.it
S8884515U;s8884515u@studenti.itisavogadro.it
S8884540Y;s8884540y@studenti.itisavogadro.it
S8884417D;s8884417d@studenti.itisavogadro.it
S8884444M;s8884444m@studenti.itisavogadro.it
S8884281Z;s8884281z@studenti.itisavogadro.it
S8884481N;s8884481n@studenti.itisavogadro.it
S8884562Q;s8884562q@studenti.itisavogadro.it
S8884398B;s8884398b@studenti.itisavogadro.it
S8884486A;s8884486a@studenti.itisavogadro.it
S8884284M;s8884284m@studenti.itisavogadro.it
S8884409T;s8884409t@studenti.itisavogadro.it
S8145904D;s8145904d@studenti.itisavogadro.it
S8145858I;s8145858i@studenti.itisavogadro.it
S8146076J;s8146076j@studenti.itisavogadro.it
S8145857L;s8145857l@studenti.itisavogadro.it
S8145866G;s8145866g@studenti.itisavogadro.it
S8146016B;s8146016b@studenti.itisavogadro.it
S8145879I;s8145879i@studenti.itisavogadro.it
S8145794A;s8145794a@studenti.itisavogadro.it
S8145853A;s8145853a@studenti.itisavogadro.it
S8146039Q;s8146039q@studenti.itisavogadro.it
S8145999P;s8145999p@studenti.itisavogadro.it
S8145951R;s8145951r@studenti.itisavogadro.it
S8145962Q;s8145962q@studenti.itisavogadro.it
S8145844M;s8145844m@studenti.itisavogadro.it
S8145989Q;s8145989q@studenti.itisavogadro.it
S8145868N;s8145868n@studenti.itisavogadro.it
S8145978X;s8145978x@studenti.itisavogadro.it
S7813788Z;s7813788z@studenti.itisavogadro.it
S7813981N;s7813981n@studenti.itisavogadro.it
S8145912X;s8145912x@studenti.itisavogadro.it
S8703033L;s8703033l@studenti.itisavogadro.it
S8146005I;s8146005i@studenti.itisavogadro.it
S8146068B;s8146068b@studenti.itisavogadro.it
S8145839K;s8145839k@studenti.itisavogadro.it
S8146026G;s8146026g@studenti.itisavogadro.it
S8145878S;s8145878s@studenti.itisavogadro.it
S8146002N;s8146002n@studenti.itisavogadro.it
S8146029L;s8146029l@studenti.itisavogadro.it
S8145816X;s8145816x@studenti.itisavogadro.it
S8146022L;s8146022l@studenti.itisavogadro.it
S8146009T;s8146009t@studenti.itisavogadro.it
S8145936C;s8145936c@studenti.itisavogadro.it
S7814032M;s7814032m@studenti.itisavogadro.it
S8146061V;s8146061v@studenti.itisavogadro.it
S8145905L;s8145905l@studenti.itisavogadro.it
S8145821T;s8145821t@studenti.itisavogadro.it
S8145948C;s8145948c@studenti.itisavogadro.it
S8145802J;s8145802j@studenti.itisavogadro.it
S8145940U;s8145940u@studenti.itisavogadro.it
S8145884E;s8145884e@studenti.itisavogadro.it
S8145922Y;s8145922y@studenti.itisavogadro.it
S8146066M;s8146066m@studenti.itisavogadro.it
S8415893J;s8415893j@studenti.itisavogadro.it
S8146011M;s8146011m@studenti.itisavogadro.it
S8146024G;s8146024g@studenti.itisavogadro.it
S8145979D;s8145979d@studenti.itisavogadro.it
S8146050E;s8146050e@studenti.itisavogadro.it
S7813930W;s7813930w@studenti.itisavogadro.it
S8145893U;s8145893u@studenti.itisavogadro.it
S8145942S;s8145942s@studenti.itisavogadro.it
S8145847M;s8145847m@studenti.itisavogadro.it
S8145843Z;s8145843z@studenti.itisavogadro.it
S8146044M;s8146044m@studenti.itisavogadro.it
S8145817J;s8145817j@studenti.itisavogadro.it
S8145874T;s8145874t@studenti.itisavogadro.it
S8145820X;s8145820x@studenti.itisavogadro.it
S8145889X;s8145889x@studenti.itisavogadro.it
S8146058Y;s8146058y@studenti.itisavogadro.it
S8145988S;s8145988s@studenti.itisavogadro.it
S8146025E;s8146025e@studenti.itisavogadro.it
S8145829R;s8145829r@studenti.itisavogadro.it
S8145833S;s8145833s@studenti.itisavogadro.it
S8145913P;s8145913p@studenti.itisavogadro.it
S8145918Z;s8145918z@studenti.itisavogadro.it
S8145914I;s8145914i@studenti.itisavogadro.it
S8146027A;s8146027a@studenti.itisavogadro.it
S8146019O;s8146019o@studenti.itisavogadro.it
S8145790T;s8145790t@studenti.itisavogadro.it
S8146020R;s8146020r@studenti.itisavogadro.it
S8145891E;s8145891e@studenti.itisavogadro.it
S8145953B;s8145953b@studenti.itisavogadro.it
S8145987Z;s8145987z@studenti.itisavogadro.it
S8145863F;s8145863f@studenti.itisavogadro.it
S8146067Q;s8146067q@studenti.itisavogadro.it
S8145899E;s8145899e@studenti.itisavogadro.it
S8145925N;s8145925n@studenti.itisavogadro.it
S8145959R;s8145959r@studenti.itisavogadro.it
S7813845V;s7813845v@studenti.itisavogadro.it
S8145838K;s8145838k@studenti.itisavogadro.it
S8145932L;s8145932l@studenti.itisavogadro.it
S8145518J;s8145518j@studenti.itisavogadro.it
S8146060T;s8146060t@studenti.itisavogadro.it
S8145964P;s8145964p@studenti.itisavogadro.it
S7813837M;s7813837m@studenti.itisavogadro.it
S7813843E;s7813843e@studenti.itisavogadro.it
S8145941U;s8145941u@studenti.itisavogadro.it
S8146045M;s8146045m@studenti.itisavogadro.it
S8145943Q;s8145943q@studenti.itisavogadro.it
S7813791M;s7813791m@studenti.itisavogadro.it
S8145825I;s8145825i@studenti.itisavogadro.it
S8145865C;s8145865c@studenti.itisavogadro.it
S8145957G;s8145957g@studenti.itisavogadro.it
S8145944D;s8145944d@studenti.itisavogadro.it
S8145923G;s8145923g@studenti.itisavogadro.it
S8145921G;s8145921g@studenti.itisavogadro.it
S8145848N;s8145848n@studenti.itisavogadro.it
S8145916Q;s8145916q@studenti.itisavogadro.it
S7813901L;s7813901l@studenti.itisavogadro.it
S8146051K;s8146051k@studenti.itisavogadro.it
S8146064A;s8146064a@studenti.itisavogadro.it
S8145552L;s8145552l@studenti.itisavogadro.it
S8145892Q;s8145892q@studenti.itisavogadro.it
S8145919D;s8145919d@studenti.itisavogadro.it
S8146054F;s8146054f@studenti.itisavogadro.it
S8145895J;s8145895j@studenti.itisavogadro.it
S7814112J;s7814112j@studenti.itisavogadro.it
S8145975Y;s8145975y@studenti.itisavogadro.it
S8146046Y;s8146046y@studenti.itisavogadro.it
S8145815B;s8145815b@studenti.itisavogadro.it
S8145990D;s8145990d@studenti.itisavogadro.it
S8146062J;s8146062j@studenti.itisavogadro.it
S8145855H;s8145855h@studenti.itisavogadro.it
S7814186T;s7814186t@studenti.itisavogadro.it
S8145992P;s8145992p@studenti.itisavogadro.it
S8145900A;s8145900a@studenti.itisavogadro.it
S8145956G;s8145956g@studenti.itisavogadro.it
S8145831C;s8145831c@studenti.itisavogadro.it
S8145930D;s8145930d@studenti.itisavogadro.it
S8145928C;s8145928c@studenti.itisavogadro.it
S7813830N;s7813830n@studenti.itisavogadro.it
S8145995W;s8145995w@studenti.itisavogadro.it
S8145991X;s8145991x@studenti.itisavogadro.it
S8145885G;s8145885g@studenti.itisavogadro.it
S7813828I;s7813828i@studenti.itisavogadro.it
S8145812G;s8145812g@studenti.itisavogadro.it
S8145933R;s8145933r@studenti.itisavogadro.it
S8145982U;s8145982u@studenti.itisavogadro.it
S8145954M;s8145954m@studenti.itisavogadro.it
S7813804L;s7813804l@studenti.itisavogadro.it
S8145958J;s8145958j@studenti.itisavogadro.it
S7814120I;s7814120i@studenti.itisavogadro.it
S7814117Q;s7814117q@studenti.itisavogadro.it
S7814087C;s7814087c@studenti.itisavogadro.it
S8145835P;s8145835p@studenti.itisavogadro.it
S8146010O;s8146010o@studenti.itisavogadro.it
S8145875N;s8145875n@studenti.itisavogadro.it
S8145937M;s8145937m@studenti.itisavogadro.it
S8146032G;s8146032g@studenti.itisavogadro.it
S8146013M;s8146013m@studenti.itisavogadro.it
S7814037R;s7814037r@studenti.itisavogadro.it
S8514843K;s8514843k@studenti.itisavogadro.it
S8145813S;s8145813s@studenti.itisavogadro.it
S8145873O;s8145873o@studenti.itisavogadro.it
S8145854P;s8145854p@studenti.itisavogadro.it
S7813992C;s7813992c@studenti.itisavogadro.it
S7813840K;s7813840k@studenti.itisavogadro.it
S8145851W;s8145851w@studenti.itisavogadro.it
S8146000N;s8146000n@studenti.itisavogadro.it
S8145836F;s8145836f@studenti.itisavogadro.it
S8146031U;s8146031u@studenti.itisavogadro.it
S8145947X;s8145947x@studenti.itisavogadro.it
S8145993Z;s8145993z@studenti.itisavogadro.it
S8145888L;s8145888l@studenti.itisavogadro.it
S8145906B;s8145906b@studenti.itisavogadro.it
S7813849C;s7813849c@studenti.itisavogadro.it
S8515736C;s8515736c@studenti.itisavogadro.it
S8146004W;s8146004w@studenti.itisavogadro.it
S8145969Y;s8145969y@studenti.itisavogadro.it
S8145859I;s8145859i@studenti.itisavogadro.it
S7814092U;s7814092u@studenti.itisavogadro.it
S8145950F;s8145950f@studenti.itisavogadro.it
S8145946V;s8145946v@studenti.itisavogadro.it
S8145845K;s8145845k@studenti.itisavogadro.it
S8145841P;s8145841p@studenti.itisavogadro.it
S8146014L;s8146014l@studenti.itisavogadro.it
S7814033C;s7814033c@studenti.itisavogadro.it
S8146017F;s8146017f@studenti.itisavogadro.it
S8145824M;s8145824m@studenti.itisavogadro.it
S8146003Z;s8146003z@studenti.itisavogadro.it
S8145842B;s8145842b@studenti.itisavogadro.it
S8146040R;s8146040r@studenti.itisavogadro.it
S8145977S;s8145977s@studenti.itisavogadro.it
S7813822K;s7813822k@studenti.itisavogadro.it
S8146075T;s8146075t@studenti.itisavogadro.it
S8145985D;s8145985d@studenti.itisavogadro.it
S8145551R;s8145551r@studenti.itisavogadro.it
S8145792L;s8145792l@studenti.itisavogadro.it
S7813904I;s7813904i@studenti.itisavogadro.it
S8146063X;s8146063x@studenti.itisavogadro.it
S8145832G;s8145832g@studenti.itisavogadro.it
S8146052E;s8146052e@studenti.itisavogadro.it
S8145938Z;s8145938z@studenti.itisavogadro.it
S8145915U;s8145915u@studenti.itisavogadro.it
S8145850W;s8145850w@studenti.itisavogadro.it
S8146074H;s8146074h@studenti.itisavogadro.it
S8145822H;s8145822h@studenti.itisavogadro.it
S8145976K;s8145976k@studenti.itisavogadro.it
S7814045A;s7814045a@studenti.itisavogadro.it
S8514171I;s8514171i@studenti.itisavogadro.it
S8145901M;s8145901m@studenti.itisavogadro.it
S8145929Y;s8145929y@studenti.itisavogadro.it
S8145949I;s8145949i@studenti.itisavogadro.it
S8146036H;s8146036h@studenti.itisavogadro.it
S8145983K;s8145983k@studenti.itisavogadro.it
S8145996M;s8145996m@studenti.itisavogadro.it
S8145808N;s8145808n@studenti.itisavogadro.it
S8145882P;s8145882p@studenti.itisavogadro.it
S8145907L;s8145907l@studenti.itisavogadro.it
S8146042D;s8146042d@studenti.itisavogadro.it
S8145981G;s8145981g@studenti.itisavogadro.it
S8146057D;s8146057d@studenti.itisavogadro.it
S8515706N;s8515706n@studenti.itisavogadro.it
S8145846S;s8145846s@studenti.itisavogadro.it
S7814174G;s7814174g@studenti.itisavogadro.it
S8145883P;s8145883p@studenti.itisavogadro.it
S8145998D;s8145998d@studenti.itisavogadro.it
S8145934I;s8145934i@studenti.itisavogadro.it
S8145911X;s8145911x@studenti.itisavogadro.it
S7813846Z;s7813846z@studenti.itisavogadro.it
S8145801R;s8145801r@studenti.itisavogadro.it
S8514241S;s8514241s@studenti.itisavogadro.it
S8145789I;s8145789i@studenti.itisavogadro.it
S8145955G;s8145955g@studenti.itisavogadro.it
S8145818E;s8145818e@studenti.itisavogadro.it
S8145908W;s8145908w@studenti.itisavogadro.it
S8146070U;s8146070u@studenti.itisavogadro.it
S8145984Z;s8145984z@studenti.itisavogadro.it
S8145886W;s8145886w@studenti.itisavogadro.it
S8145788U;s8145788u@studenti.itisavogadro.it
S8145927L;s8145927l@studenti.itisavogadro.it
S8145909Y;s8145909y@studenti.itisavogadro.it
S8145966D;s8145966d@studenti.itisavogadro.it
S8145805I;s8145805i@studenti.itisavogadro.it
S8145939Z;s8145939z@studenti.itisavogadro.it
S8146035F;s8146035f@studenti.itisavogadro.it
S8145830E;s8145830e@studenti.itisavogadro.it
S7813869O;s7813869o@studenti.itisavogadro.it
S8146028D;s8146028d@studenti.itisavogadro.it
S8145880D;s8145880d@studenti.itisavogadro.it
S8145872C;s8145872c@studenti.itisavogadro.it
S7813860E;s7813860e@studenti.itisavogadro.it
S8145871S;s8145871s@studenti.itisavogadro.it
S7814083B;s7814083b@studenti.itisavogadro.it
S8145840Z;s8145840z@studenti.itisavogadro.it
S8146030G;s8146030g@studenti.itisavogadro.it
S8145896Z;s8145896z@studenti.itisavogadro.it
S8145867O;s8145867o@studenti.itisavogadro.it
S8145960K;s8145960k@studenti.itisavogadro.it
S7814006S;s7814006s@studenti.itisavogadro.it
S8145861X;s8145861x@studenti.itisavogadro.it
S8145804C;s8145804c@studenti.itisavogadro.it
S8145881D;s8145881d@studenti.itisavogadro.it
S8145793V;s8145793v@studenti.itisavogadro.it
S8145917Y;s8145917y@studenti.itisavogadro.it
S8145897P;s8145897p@studenti.itisavogadro.it
S8145810K;s8145810k@studenti.itisavogadro.it
S8145860B;s8145860b@studenti.itisavogadro.it
S8145795O;s8145795o@studenti.itisavogadro.it
S8145823X;s8145823x@studenti.itisavogadro.it
S8146071K;s8146071k@studenti.itisavogadro.it
S8145797O;s8145797o@studenti.itisavogadro.it
S8145903S;s8145903s@studenti.itisavogadro.it
S8146073A;s8146073a@studenti.itisavogadro.it
S8146012A;s8146012a@studenti.itisavogadro.it
S8145856R;s8145856r@studenti.itisavogadro.it
S8145961E;s8145961e@studenti.itisavogadro.it
S8145811M;s8145811m@studenti.itisavogadro.it
S8145803F;s8145803f@studenti.itisavogadro.it
S7813815O;s7813815o@studenti.itisavogadro.it
S8145974A;s8145974a@studenti.itisavogadro.it
S8145828J;s8145828j@studenti.itisavogadro.it
S8145887A;s8145887a@studenti.itisavogadro.it
S8145799J;s8145799j@studenti.itisavogadro.it
S7814100A;s7814100a@studenti.itisavogadro.it
S8145796O;s8145796o@studenti.itisavogadro.it
S8145920C;s8145920c@studenti.itisavogadro.it
S8146018U;s8146018u@studenti.itisavogadro.it
S8145963I;s8145963i@studenti.itisavogadro.it
S7813832J;s7813832j@studenti.itisavogadro.it
S8146069V;s8146069v@studenti.itisavogadro.it
S8146048V;s8146048v@studenti.itisavogadro.it
S8145809D;s8145809d@studenti.itisavogadro.it
S8146065O;s8146065o@studenti.itisavogadro.it
S8145894B;s8145894b@studenti.itisavogadro.it
S8145980M;s8145980m@studenti.itisavogadro.it
S8145819Q;s8145819q@studenti.itisavogadro.it
S8146001F;s8146001f@studenti.itisavogadro.it
S8146041R;s8146041r@studenti.itisavogadro.it
S8515672C;s8515672c@studenti.itisavogadro.it
S8145869L;s8145869l@studenti.itisavogadro.it
S8514827P;s8514827p@studenti.itisavogadro.it
S8657677S;s8657677s@studenti.itisavogadro.it
S8146006I;s8146006i@studenti.itisavogadro.it
S8146072S;s8146072s@studenti.itisavogadro.it
S8145972R;s8145972r@studenti.itisavogadro.it
S8145877V;s8145877v@studenti.itisavogadro.it
S8145997Y;s8145997y@studenti.itisavogadro.it
S8145902G;s8145902g@studenti.itisavogadro.it
S8145973H;s8145973h@studenti.itisavogadro.it
S8145994C;s8145994c@studenti.itisavogadro.it
S8145837F;s8145837f@studenti.itisavogadro.it
S8145931Z;s8145931z@studenti.itisavogadro.it
S8146008V;s8146008v@studenti.itisavogadro.it
S8145806U;s8145806u@studenti.itisavogadro.it
S8145798R;s8145798r@studenti.itisavogadro.it
S8601372A;s8601372a@studenti.itisavogadro.it
S8145970X;s8145970x@studenti.itisavogadro.it
S8145876H;s8145876h@studenti.itisavogadro.it
S8515745P;s8515745p@studenti.itisavogadro.it
S8145926R;s8145926r@studenti.itisavogadro.it
S8146056N;s8146056n@studenti.itisavogadro.it
S7813906I;s7813906i@studenti.itisavogadro.it
S8145800Z;s8145800z@studenti.itisavogadro.it
S8145986X;s8145986x@studenti.itisavogadro.it
S8145791V;s8145791v@studenti.itisavogadro.it
S8145826A;s8145826a@studenti.itisavogadro.it
S8146059K;s8146059k@studenti.itisavogadro.it
S7814011Q;s7814011q@studenti.itisavogadro.it
S7814135Q;s7814135q@studenti.itisavogadro.it
S7814116U;s7814116u@studenti.itisavogadro.it
S6714076W;s6714076w@studenti.itisavogadro.it
S7814096J;s7814096j@studenti.itisavogadro.it
S7814071A;s7814071a@studenti.itisavogadro.it
S7814074D;s7814074d@studenti.itisavogadro.it
S6714063U;s6714063u@studenti.itisavogadro.it
S7814050O;s7814050o@studenti.itisavogadro.it
S6714018Z;s6714018z@studenti.itisavogadro.it
S7813984E;s7813984e@studenti.itisavogadro.it
S7814003V;s7814003v@studenti.itisavogadro.it
S6713999Z;s6713999z@studenti.itisavogadro.it
S7813968F;s7813968f@studenti.itisavogadro.it
S7813962V;s7813962v@studenti.itisavogadro.it
S7813945M;s7813945m@studenti.itisavogadro.it
S7814150P;s7814150p@studenti.itisavogadro.it
S6926045Y;s6926045y@studenti.itisavogadro.it
S6713938F;s6713938f@studenti.itisavogadro.it
S6713934A;s6713934a@studenti.itisavogadro.it
S7813912W;s7813912w@studenti.itisavogadro.it
S7813915X;s7813915x@studenti.itisavogadro.it
S7813890V;s7813890v@studenti.itisavogadro.it
S7813886Z;s7813886z@studenti.itisavogadro.it
S7813897A;s7813897a@studenti.itisavogadro.it
S7813870L;s7813870l@studenti.itisavogadro.it
S7813861O;s7813861o@studenti.itisavogadro.it
S7814176C;s7814176c@studenti.itisavogadro.it
S7814192N;s7814192n@studenti.itisavogadro.it
S7813819H;s7813819h@studenti.itisavogadro.it
S7813798G;s7813798g@studenti.itisavogadro.it
S7814128W;s7814128w@studenti.itisavogadro.it
S7814165N;s7814165n@studenti.itisavogadro.it
S7814077F;s7814077f@studenti.itisavogadro.it
S7814063L;s7814063l@studenti.itisavogadro.it
S7814042X;s7814042x@studenti.itisavogadro.it
S7814036R;s7814036r@studenti.itisavogadro.it
S6714037O;s6714037o@studenti.itisavogadro.it
S7813812F;s7813812f@studenti.itisavogadro.it
S7813796L;s7813796l@studenti.itisavogadro.it
S7814001B;s7814001b@studenti.itisavogadro.it
S7813809S;s7813809s@studenti.itisavogadro.it
S7813969H;s7813969h@studenti.itisavogadro.it
S7813959I;s7813959i@studenti.itisavogadro.it
S7813995B;s7813995b@studenti.itisavogadro.it
S7813928L;s7813928l@studenti.itisavogadro.it
S7814151J;s7814151j@studenti.itisavogadro.it
S7813946U;s7813946u@studenti.itisavogadro.it
S7813891X;s7813891x@studenti.itisavogadro.it
S6714132O;s6714132o@studenti.itisavogadro.it
S7813867L;s7813867l@studenti.itisavogadro.it
S7813877E;s7813877e@studenti.itisavogadro.it
S7814141W;s7814141w@studenti.itisavogadro.it
S7814191H;s7814191h@studenti.itisavogadro.it
S7814102Q;s7814102q@studenti.itisavogadro.it
S7814101O;s7814101o@studenti.itisavogadro.it
S7814124Z;s7814124z@studenti.itisavogadro.it
S7814114E;s7814114e@studenti.itisavogadro.it
S7814104N;s7814104n@studenti.itisavogadro.it
S6714128V;s6714128v@studenti.itisavogadro.it
S7814067O;s7814067o@studenti.itisavogadro.it
S7814094T;s7814094t@studenti.itisavogadro.it
S7813827X;s7813827x@studenti.itisavogadro.it
S7814157O;s7814157o@studenti.itisavogadro.it
S7813841O;s7813841o@studenti.itisavogadro.it
S7813957X;s7813957x@studenti.itisavogadro.it
S7813888E;s7813888e@studenti.itisavogadro.it
S7813972Y;s7813972y@studenti.itisavogadro.it
S7813985G;s7813985g@studenti.itisavogadro.it
S7813980P;s7813980p@studenti.itisavogadro.it
S7813829Q;s7813829q@studenti.itisavogadro.it
S6713887E;s6713887e@studenti.itisavogadro.it
S8459851J;s8459851j@studenti.itisavogadro.it
S7813923B;s7813923b@studenti.itisavogadro.it
S7813896A;s7813896a@studenti.itisavogadro.it
S7813882E;s7813882e@studenti.itisavogadro.it
S8463231J;s8463231j@studenti.itisavogadro.it
S7980127E;s7980127e@studenti.itisavogadro.it
S7813876C;s7813876c@studenti.itisavogadro.it
S8681125V;s8681125v@studenti.itisavogadro.it
S7813838H;s7813838h@studenti.itisavogadro.it
S7813857Q;s7813857q@studenti.itisavogadro.it
S7814123M;s7814123m@studenti.itisavogadro.it
S7814175C;s7814175c@studenti.itisavogadro.it
S7814115U;s7814115u@studenti.itisavogadro.it
S7814088Z;s7814088z@studenti.itisavogadro.it
S7814080T;s7814080t@studenti.itisavogadro.it
S7814082Z;s7814082z@studenti.itisavogadro.it
S6714073R;s6714073r@studenti.itisavogadro.it
S7814051I;s7814051i@studenti.itisavogadro.it
S7814038C;s7814038c@studenti.itisavogadro.it
S7814193N;s7814193n@studenti.itisavogadro.it
S6714013N;s6714013n@studenti.itisavogadro.it
S7814002X;s7814002x@studenti.itisavogadro.it
S7813975T;s7813975t@studenti.itisavogadro.it
S6713880F;s6713880f@studenti.itisavogadro.it
S7813836S;s7813836s@studenti.itisavogadro.it
S7813949R;s7813949r@studenti.itisavogadro.it
S7813942H;s7813942h@studenti.itisavogadro.it
S7813943B;s7813943b@studenti.itisavogadro.it
S7813925O;s7813925o@studenti.itisavogadro.it
S7813895I;s7813895i@studenti.itisavogadro.it
S7813894C;s7813894c@studenti.itisavogadro.it
S7813884X;s7813884x@studenti.itisavogadro.it
S7813883A;s7813883a@studenti.itisavogadro.it
S7813856G;s7813856g@studenti.itisavogadro.it
S7001735F;s7001735f@studenti.itisavogadro.it
S7813820U;s7813820u@studenti.itisavogadro.it
S7814138V;s7814138v@studenti.itisavogadro.it
S7814127L;s7814127l@studenti.itisavogadro.it
S7813852X;s7813852x@studenti.itisavogadro.it
S7813817Q;s7813817q@studenti.itisavogadro.it
S7813823G;s7813823g@studenti.itisavogadro.it
S7814034L;s7814034l@studenti.itisavogadro.it
S8463213N;s8463213n@studenti.itisavogadro.it
S7814015J;s7814015j@studenti.itisavogadro.it
S6713870U;s6713870u@studenti.itisavogadro.it
S7814009P;s7814009p@studenti.itisavogadro.it
S7814005A;s7814005a@studenti.itisavogadro.it
S7813807F;s7813807f@studenti.itisavogadro.it
S7813961L;s7813961l@studenti.itisavogadro.it
S7813978K;s7813978k@studenti.itisavogadro.it
S7813956J;s7813956j@studenti.itisavogadro.it
S7813958C;s7813958c@studenti.itisavogadro.it
S7813953S;s7813953s@studenti.itisavogadro.it
S7813941B;s7813941b@studenti.itisavogadro.it
S7813927S;s7813927s@studenti.itisavogadro.it
S7813947M;s7813947m@studenti.itisavogadro.it
S7813911A;s7813911a@studenti.itisavogadro.it
S7814171X;s7814171x@studenti.itisavogadro.it
S7813892P;s7813892p@studenti.itisavogadro.it
S7813900V;s7813900v@studenti.itisavogadro.it
S7813800Q;s7813800q@studenti.itisavogadro.it
S7814143C;s7814143c@studenti.itisavogadro.it
S7814183A;s7814183a@studenti.itisavogadro.it
S7947392G;s7947392g@studenti.itisavogadro.it
S6714129N;s6714129n@studenti.itisavogadro.it
S6714105M;s6714105m@studenti.itisavogadro.it
S8674623E;s8674623e@studenti.itisavogadro.it
S6713876F;s6713876f@studenti.itisavogadro.it
S7814079U;s7814079u@studenti.itisavogadro.it
S7814070Q;s7814070q@studenti.itisavogadro.it
S7814068X;s7814068x@studenti.itisavogadro.it
S7814076T;s7814076t@studenti.itisavogadro.it
S7814075P;s7814075p@studenti.itisavogadro.it
S6714059V;s6714059v@studenti.itisavogadro.it
S7814060L;s7814060l@studenti.itisavogadro.it
S7813921R;s7813921r@studenti.itisavogadro.it
S7814041P;s7814041p@studenti.itisavogadro.it
S5779936D;s5779936d@studenti.itisavogadro.it
S7814020X;s7814020x@studenti.itisavogadro.it
S7814018I;s7814018i@studenti.itisavogadro.it
S7814007E;s7814007e@studenti.itisavogadro.it
S7947393I;s7947393i@studenti.itisavogadro.it
S7814155W;s7814155w@studenti.itisavogadro.it
S7813974R;s7813974r@studenti.itisavogadro.it
S6713982I;s6713982i@studenti.itisavogadro.it
S7813973Y;s7813973y@studenti.itisavogadro.it
S8465518O;s8465518o@studenti.itisavogadro.it
S7813924Y;s7813924y@studenti.itisavogadro.it
S6713935U;s6713935u@studenti.itisavogadro.it
S7813908H;s7813908h@studenti.itisavogadro.it
S7813881U;s7813881u@studenti.itisavogadro.it
S6713897Z;s6713897z@studenti.itisavogadro.it
S7813994B;s7813994b@studenti.itisavogadro.it
S7814131T;s7814131t@studenti.itisavogadro.it
S7814126L;s7814126l@studenti.itisavogadro.it
S7813818B;s7813818b@studenti.itisavogadro.it
S7814125N;s7814125n@studenti.itisavogadro.it
S7814121C;s7814121c@studenti.itisavogadro.it
S8463221W;s8463221w@studenti.itisavogadro.it
S7813839R;s7813839r@studenti.itisavogadro.it
S7814008L;s7814008l@studenti.itisavogadro.it
S7814019I;s7814019i@studenti.itisavogadro.it
S7814168E;s7814168e@studenti.itisavogadro.it
S6714137Z;s6714137z@studenti.itisavogadro.it
S7814097H;s7814097h@studenti.itisavogadro.it
S7814004K;s7814004k@studenti.itisavogadro.it
S7813963N;s7813963n@studenti.itisavogadro.it
S7813986A;s7813986a@studenti.itisavogadro.it
S7813805R;s7813805r@studenti.itisavogadro.it
S7813787G;s7813787g@studenti.itisavogadro.it
S7813939C;s7813939c@studenti.itisavogadro.it
S7813802M;s7813802m@studenti.itisavogadro.it
S7813937T;s7813937t@studenti.itisavogadro.it
S7947391E;s7947391e@studenti.itisavogadro.it
S7813910Q;s7813910q@studenti.itisavogadro.it
S7813907W;s7813907w@studenti.itisavogadro.it
S7813902V;s7813902v@studenti.itisavogadro.it
S7813880O;s7813880o@studenti.itisavogadro.it
S7814181G;s7814181g@studenti.itisavogadro.it
S7814187J;s7814187j@studenti.itisavogadro.it
S5780022J;s5780022j@studenti.itisavogadro.it
S6714097O;s6714097o@studenti.itisavogadro.it
S6713866I;s6713866i@studenti.itisavogadro.it
S6714079T;s6714079t@studenti.itisavogadro.it
S5779993I;s5779993i@studenti.itisavogadro.it
S6714058R;s6714058r@studenti.itisavogadro.it
S6714057Q;s6714057q@studenti.itisavogadro.it
S6714050L;s6714050l@studenti.itisavogadro.it
S6714047Z;s6714047z@studenti.itisavogadro.it
S6714023C;s6714023c@studenti.itisavogadro.it
S6714011D;s6714011d@studenti.itisavogadro.it
S4875929M;s4875929m@studenti.itisavogadro.it
S6713988S;s6713988s@studenti.itisavogadro.it
S6713978X;s6713978x@studenti.itisavogadro.it
S6713997Q;s6713997q@studenti.itisavogadro.it
S6713881V;s6713881v@studenti.itisavogadro.it
S6713869T;s6713869t@studenti.itisavogadro.it
S6713947R;s6713947r@studenti.itisavogadro.it
S6713927F;s6713927f@studenti.itisavogadro.it
S6713913D;s6713913d@studenti.itisavogadro.it
S6713902M;s6713902m@studenti.itisavogadro.it
S6713909I;s6713909i@studenti.itisavogadro.it
S5779771I;s5779771i@studenti.itisavogadro.it
S6714005N;s6714005n@studenti.itisavogadro.it
S6713865M;s6713865m@studenti.itisavogadro.it
S6714100N;s6714100n@studenti.itisavogadro.it
S5779728R;s5779728r@studenti.itisavogadro.it
S6714088Q;s6714088q@studenti.itisavogadro.it
S6714080W;s6714080w@studenti.itisavogadro.it
S6714053Z;s6714053z@studenti.itisavogadro.it
S6713916Y;s6713916y@studenti.itisavogadro.it
S6714039P;s6714039p@studenti.itisavogadro.it
S6713857J;s6713857j@studenti.itisavogadro.it
S6714038J;s6714038j@studenti.itisavogadro.it
S6713875X;s6713875x@studenti.itisavogadro.it
S5779886V;s5779886v@studenti.itisavogadro.it
S6713882F;s6713882f@studenti.itisavogadro.it
S6713854T;s6713854t@studenti.itisavogadro.it
S5779868W;s5779868w@studenti.itisavogadro.it
S6713970B;s6713970b@studenti.itisavogadro.it
S5779742B;s5779742b@studenti.itisavogadro.it
S6714020S;s6714020s@studenti.itisavogadro.it
S6713949O;s6713949o@studenti.itisavogadro.it
S6713937W;s6713937w@studenti.itisavogadro.it
S6713931H;s6713931h@studenti.itisavogadro.it
S6713923Y;s6713923y@studenti.itisavogadro.it
S6713910Z;s6713910z@studenti.itisavogadro.it
S5779767C;s5779767c@studenti.itisavogadro.it
S6713842L;s6713842l@studenti.itisavogadro.it
S5779758W;s5779758w@studenti.itisavogadro.it
S6714135L;s6714135l@studenti.itisavogadro.it
S6714134L;s6714134l@studenti.itisavogadro.it
S6714107E;s6714107e@studenti.itisavogadro.it
S8467431E;s8467431e@studenti.itisavogadro.it
S6713998Z;s6713998z@studenti.itisavogadro.it
S6713957I;s6713957i@studenti.itisavogadro.it
S6714141D;s6714141d@studenti.itisavogadro.it
S6714103X;s6714103x@studenti.itisavogadro.it
S7814064O;s7814064o@studenti.itisavogadro.it
S6714055W;s6714055w@studenti.itisavogadro.it
S6713919Z;s6713919z@studenti.itisavogadro.it
S6714022G;s6714022g@studenti.itisavogadro.it
S6714019F;s6714019f@studenti.itisavogadro.it
S6714115X;s6714115x@studenti.itisavogadro.it
S6714010T;s6714010t@studenti.itisavogadro.it
S5779711E;s5779711e@studenti.itisavogadro.it
S6713987P;s6713987p@studenti.itisavogadro.it
S6713981G;s6713981g@studenti.itisavogadro.it
S5779873Z;s5779873z@studenti.itisavogadro.it
S6713984R;s6713984r@studenti.itisavogadro.it
S6714142D;s6714142d@studenti.itisavogadro.it
S5779853J;s5779853j@studenti.itisavogadro.it
S5780045Y;s5780045y@studenti.itisavogadro.it
S6713946B;s6713946b@studenti.itisavogadro.it
S7813833B;s7813833b@studenti.itisavogadro.it
S5779816U;s5779816u@studenti.itisavogadro.it
S5779798W;s5779798w@studenti.itisavogadro.it
S6713845M;s6713845m@studenti.itisavogadro.it
S6714086D;s6714086d@studenti.itisavogadro.it
S6714096K;s6714096k@studenti.itisavogadro.it
S7814118H;s7814118h@studenti.itisavogadro.it
S6714078J;s6714078j@studenti.itisavogadro.it
S6714071X;s6714071x@studenti.itisavogadro.it
S7814056X;s7814056x@studenti.itisavogadro.it
S6714041O;s6714041o@studenti.itisavogadro.it
S6714043G;s6714043g@studenti.itisavogadro.it
S6714024T;s6714024t@studenti.itisavogadro.it
S6714012R;s6714012r@studenti.itisavogadro.it
S6713974M;s6713974m@studenti.itisavogadro.it
S7814198N;s7814198n@studenti.itisavogadro.it
S6713986J;s6713986j@studenti.itisavogadro.it
S6713983Y;s6713983y@studenti.itisavogadro.it
S5779861O;s5779861o@studenti.itisavogadro.it
S6713952R;s6713952r@studenti.itisavogadro.it
S5779830X;s5779830x@studenti.itisavogadro.it
S6713956M;s6713956m@studenti.itisavogadro.it
S5779699B;s5779699b@studenti.itisavogadro.it
S5779696A;s5779696a@studenti.itisavogadro.it
S6713904B;s6713904b@studenti.itisavogadro.it
S6713877N;s6713877n@studenti.itisavogadro.it
S4875746L;s4875746l@studenti.itisavogadro.it
S5779768Z;s5779768z@studenti.itisavogadro.it
S4875966N;s4875966n@studenti.itisavogadro.it
S5779870B;s5779870b@studenti.itisavogadro.it
S6714001C;s6714001c@studenti.itisavogadro.it
S6713847Y;s6713847y@studenti.itisavogadro.it
S4876087U;s4876087u@studenti.itisavogadro.it
S6713861N;s6713861n@studenti.itisavogadro.it
S6714070R;s6714070r@studenti.itisavogadro.it
S6713859M;s6713859m@studenti.itisavogadro.it
S5779954V;s5779954v@studenti.itisavogadro.it
S6713860J;s6713860j@studenti.itisavogadro.it
S6713886K;s6713886k@studenti.itisavogadro.it
S6714052L;s6714052l@studenti.itisavogadro.it
S6714131C;s6714131c@studenti.itisavogadro.it
S6713943U;s6713943u@studenti.itisavogadro.it
S5780063Z;s5780063z@studenti.itisavogadro.it
S6714009O;s6714009o@studenti.itisavogadro.it
S5779878H;s5779878h@studenti.itisavogadro.it
S6713968S;s6713968s@studenti.itisavogadro.it
S6714000K;s6714000k@studenti.itisavogadro.it
S6713985Z;s6713985z@studenti.itisavogadro.it
S4875943Q;s4875943q@studenti.itisavogadro.it
S6713915C;s6713915c@studenti.itisavogadro.it
S6713953N;s6713953n@studenti.itisavogadro.it
S6713951J;s6713951j@studenti.itisavogadro.it
S6713948M;s6713948m@studenti.itisavogadro.it
S6713933J;s6713933j@studenti.itisavogadro.it
S4875863V;s4875863v@studenti.itisavogadro.it
S6713908S;s6713908s@studenti.itisavogadro.it
S5779779K;s5779779k@studenti.itisavogadro.it
S5779765U;s5779765u@studenti.itisavogadro.it
S5780059O;s5780059o@studenti.itisavogadro.it
S6714051D;s6714051d@studenti.itisavogadro.it
S6713892U;s6713892u@studenti.itisavogadro.it
S6714102R;s6714102r@studenti.itisavogadro.it
S5780006M;s5780006m@studenti.itisavogadro.it
S7041108N;s7041108n@studenti.itisavogadro.it
S6714092H;s6714092h@studenti.itisavogadro.it
S5779964I;s5779964i@studenti.itisavogadro.it
S6714083M;s6714083m@studenti.itisavogadro.it
S6714045B;s6714045b@studenti.itisavogadro.it
S5779940J;s5779940j@studenti.itisavogadro.it
S6714030R;s6714030r@studenti.itisavogadro.it
S6714021O;s6714021o@studenti.itisavogadro.it
S7853614K;s7853614k@studenti.itisavogadro.it
S5779911O;s5779911o@studenti.itisavogadro.it
S6714143R;s6714143r@studenti.itisavogadro.it
S5779693H;s5779693h@studenti.itisavogadro.it
S6714138Y;s6714138y@studenti.itisavogadro.it
S6714015M;s6714015m@studenti.itisavogadro.it
S8468213C;s8468213c@studenti.itisavogadro.it
S6713973P;s6713973p@studenti.itisavogadro.it
S6713966J;s6713966j@studenti.itisavogadro.it
S4875914E;s4875914e@studenti.itisavogadro.it
S6713944P;s6713944p@studenti.itisavogadro.it
S6713922K;s6713922k@studenti.itisavogadro.it
S5779783D;s5779783d@studenti.itisavogadro.it
S6713906B;s6713906b@studenti.itisavogadro.it
S6713893A;s6713893a@studenti.itisavogadro.it
S6713850I;s6713850i@studenti.itisavogadro.it
S6713960A;s6713960a@studenti.itisavogadro.it
S5780005M;s5780005m@studenti.itisavogadro.it
S6714081G;s6714081g@studenti.itisavogadro.it
S6714069U;s6714069u@studenti.itisavogadro.it
S6714074G;s6714074g@studenti.itisavogadro.it
S6714072D;s6714072d@studenti.itisavogadro.it
S6714061O;s6714061o@studenti.itisavogadro.it
S6714044F;s6714044f@studenti.itisavogadro.it
S6713925P;s6713925p@studenti.itisavogadro.it
S5779910Q;s5779910q@studenti.itisavogadro.it
S5779718W;s5779718w@studenti.itisavogadro.it
S6713962O;s6713962o@studenti.itisavogadro.it
S6714003G;s6714003g@studenti.itisavogadro.it
S6714007Z;s6714007z@studenti.itisavogadro.it
S6713989M;s6713989m@studenti.itisavogadro.it
S6713971T;s6713971t@studenti.itisavogadro.it
S5779874E;s5779874e@studenti.itisavogadro.it
S5779731Q;s5779731q@studenti.itisavogadro.it
S6713929Y;s6713929y@studenti.itisavogadro.it
S5779810B;s5779810b@studenti.itisavogadro.it
S5780060R;s5780060r@studenti.itisavogadro.it
S6713905F;s6713905f@studenti.itisavogadro.it
S6713900E;s6713900e@studenti.itisavogadro.it
S8467157K;s8467157k@studenti.itisavogadro.it
S5122639V;s5122639v@studenti.itisavogadro.it
S5779998Q;s5779998q@studenti.itisavogadro.it
S5779994F;s5779994f@studenti.itisavogadro.it
S5779979M;s5779979m@studenti.itisavogadro.it
S4876052E;s4876052e@studenti.itisavogadro.it
S5779949R;s5779949r@studenti.itisavogadro.it
S4876022V;s4876022v@studenti.itisavogadro.it
S5779933I;s5779933i@studenti.itisavogadro.it
S5779939U;s5779939u@studenti.itisavogadro.it
S5779923Z;s5779923z@studenti.itisavogadro.it
S5779921D;s5779921d@studenti.itisavogadro.it
S5779710Q;s5779710q@studenti.itisavogadro.it
S5779834O;s5779834o@studenti.itisavogadro.it
S5779813T;s5779813t@studenti.itisavogadro.it
S4875851M;s4875851m@studenti.itisavogadro.it
S5779698Z;s5779698z@studenti.itisavogadro.it
S4875824Q;s4875824q@studenti.itisavogadro.it
S4875815B;s4875815b@studenti.itisavogadro.it
S4875814N;s4875814n@studenti.itisavogadro.it
S5779887L;s5779887l@studenti.itisavogadro.it
S5780026C;s5780026c@studenti.itisavogadro.it
S4876061V;s4876061v@studenti.itisavogadro.it
S4876049X;s4876049x@studenti.itisavogadro.it
S8515756G;s8515756g@studenti.itisavogadro.it
S5780039M;s5780039m@studenti.itisavogadro.it
S5779931Y;s5779931y@studenti.itisavogadro.it
S5779927E;s5779927e@studenti.itisavogadro.it
S4876127P;s4876127p@studenti.itisavogadro.it
S5779697W;s5779697w@studenti.itisavogadro.it
S5779902H;s5779902h@studenti.itisavogadro.it
S5779890D;s5779890d@studenti.itisavogadro.it
S5779894I;s5779894i@studenti.itisavogadro.it
S5779885X;s5779885x@studenti.itisavogadro.it
S5779880I;s5779880i@studenti.itisavogadro.it
S4875891C;s4875891c@studenti.itisavogadro.it
S5779844T;s5779844t@studenti.itisavogadro.it
S4066402C;s4066402c@studenti.itisavogadro.it
S7813918S;s7813918s@studenti.itisavogadro.it
S5779811B;s5779811b@studenti.itisavogadro.it
S5779800A;s5779800a@studenti.itisavogadro.it
S5779784G;s5779784g@studenti.itisavogadro.it
S4875800N;s4875800n@studenti.itisavogadro.it
S4876101Y;s4876101y@studenti.itisavogadro.it
S5779721P;s5779721p@studenti.itisavogadro.it
S5779966C;s5779966c@studenti.itisavogadro.it
S5779951C;s5779951c@studenti.itisavogadro.it
S4066635E;s4066635e@studenti.itisavogadro.it
S5779932W;s5779932w@studenti.itisavogadro.it
S5779934L;s5779934l@studenti.itisavogadro.it
S5779916H;s5779916h@studenti.itisavogadro.it
S5779855Q;s5779855q@studenti.itisavogadro.it
S5779847R;s5779847r@studenti.itisavogadro.it
S5779736F;s5779736f@studenti.itisavogadro.it
S5779836I;s5779836i@studenti.itisavogadro.it
S5779818R;s5779818r@studenti.itisavogadro.it
S5779741B;s5779741b@studenti.itisavogadro.it
S5779793M;s5779793m@studenti.itisavogadro.it
S5779791O;s5779791o@studenti.itisavogadro.it
S5779739K;s5779739k@studenti.itisavogadro.it
S5779774R;s5779774r@studenti.itisavogadro.it
S5779764O;s5779764o@studenti.itisavogadro.it
S5779757D;s5779757d@studenti.itisavogadro.it
S4066312G;s4066312g@studenti.itisavogadro.it
S5779962T;s5779962t@studenti.itisavogadro.it
S5779986W;s5779986w@studenti.itisavogadro.it
S5779957B;s5779957b@studenti.itisavogadro.it
S5779942D;s5779942d@studenti.itisavogadro.it
S5779958G;s5779958g@studenti.itisavogadro.it
S5779717V;s5779717v@studenti.itisavogadro.it
S4066630N;s4066630n@studenti.itisavogadro.it
S5780064E;s5780064e@studenti.itisavogadro.it
S4875760C;s4875760c@studenti.itisavogadro.it
S5779863Q;s5779863q@studenti.itisavogadro.it
S5779860O;s5779860o@studenti.itisavogadro.it
S5779872V;s5779872v@studenti.itisavogadro.it
S4875915S;s4875915s@studenti.itisavogadro.it
S4875793H;s4875793h@studenti.itisavogadro.it
S5779838R;s5779838r@studenti.itisavogadro.it
S4066391C;s4066391c@studenti.itisavogadro.it
S5779802E;s5779802e@studenti.itisavogadro.it
S5779759K;s5779759k@studenti.itisavogadro.it
S5780058C;s5780058c@studenti.itisavogadro.it
S5779701F;s5779701f@studenti.itisavogadro.it
S5779762H;s5779762h@studenti.itisavogadro.it
S5780023V;s5780023v@studenti.itisavogadro.it
S4876065G;s4876065g@studenti.itisavogadro.it
S5780042T;s5780042t@studenti.itisavogadro.it
S5779982B;s5779982b@studenti.itisavogadro.it
S5779945U;s5779945u@studenti.itisavogadro.it
S5779953A;s5779953a@studenti.itisavogadro.it
S4876013A;s4876013a@studenti.itisavogadro.it
S5779920L;s5779920l@studenti.itisavogadro.it
S5779740F;s5779740f@studenti.itisavogadro.it
S5779866X;s5779866x@studenti.itisavogadro.it
S5779858P;s5779858p@studenti.itisavogadro.it
S5780062Z;s5780062z@studenti.itisavogadro.it
S5779704G;s5779704g@studenti.itisavogadro.it
S5779843M;s5779843m@studenti.itisavogadro.it
S5779703N;s5779703n@studenti.itisavogadro.it
S5779839V;s5779839v@studenti.itisavogadro.it
S5779832F;s5779832f@studenti.itisavogadro.it
S5779821G;s5779821g@studenti.itisavogadro.it
S5779820Y;s5779820y@studenti.itisavogadro.it
S5779785M;s5779785m@studenti.itisavogadro.it
S5779795X;s5779795x@studenti.itisavogadro.it
S5780025O;s5780025o@studenti.itisavogadro.it
S5779756P;s5779756p@studenti.itisavogadro.it
S5779850N;s5779850n@studenti.itisavogadro.it
S5780017F;s5780017f@studenti.itisavogadro.it
S5780014L;s5780014l@studenti.itisavogadro.it
S5779984C;s5779984c@studenti.itisavogadro.it
S4876112P;s4876112p@studenti.itisavogadro.it
S5779960X;s5779960x@studenti.itisavogadro.it
S5779980D;s5779980d@studenti.itisavogadro.it
S5779963R;s5779963r@studenti.itisavogadro.it
S4876154U;s4876154u@studenti.itisavogadro.it
S5779937P;s5779937p@studenti.itisavogadro.it
S5779909J;s5779909j@studenti.itisavogadro.it
S6926066I;s6926066i@studenti.itisavogadro.it
S5779715R;s5779715r@studenti.itisavogadro.it
S4875925T;s4875925t@studenti.itisavogadro.it
S5779712E;s5779712e@studenti.itisavogadro.it
S4875958V;s4875958v@studenti.itisavogadro.it
S4875934U;s4875934u@studenti.itisavogadro.it
S4875923A;s4875923a@studenti.itisavogadro.it
S4876117A;s4876117a@studenti.itisavogadro.it
S5779817E;s5779817e@studenti.itisavogadro.it
S5779835A;s5779835a@studenti.itisavogadro.it
S5779794V;s5779794v@studenti.itisavogadro.it
S5779799C;s5779799c@studenti.itisavogadro.it
S4876149M;s4876149m@studenti.itisavogadro.it
S5779854S;s5779854s@studenti.itisavogadro.it
S5779812N;s5779812n@studenti.itisavogadro.it
S5779973M;s5779973m@studenti.itisavogadro.it
S5779972C;s5779972c@studenti.itisavogadro.it
S5779988T;s5779988t@studenti.itisavogadro.it
S5779990I;s5779990i@studenti.itisavogadro.it
S5779974V;s5779974v@studenti.itisavogadro.it
S4876031S;s4876031s@studenti.itisavogadro.it
S4876124V;s4876124v@studenti.itisavogadro.it
S5779719U;s5779719u@studenti.itisavogadro.it
S5925557P;s5925557p@studenti.itisavogadro.it
S5779938M;s5779938m@studenti.itisavogadro.it
S4875779V;s4875779v@studenti.itisavogadro.it
S5779922Z;s5779922z@studenti.itisavogadro.it
S5779905G;s5779905g@studenti.itisavogadro.it
S5780054X;s5780054x@studenti.itisavogadro.it
S5779888A;s5779888a@studenti.itisavogadro.it
S5779869C;s5779869c@studenti.itisavogadro.it
S5779708J;s5779708j@studenti.itisavogadro.it
S5779877Y;s5779877y@studenti.itisavogadro.it
S5779852P;s5779852p@studenti.itisavogadro.it
S5779849I;s5779849i@studenti.itisavogadro.it
S5779845L;s5779845l@studenti.itisavogadro.it
S5779833B;s5779833b@studenti.itisavogadro.it
S5779755X;s5779755x@studenti.itisavogadro.it
S5780049P;s5780049p@studenti.itisavogadro.it
S9241872F;s9241872f@studenti.itisavogadro.it
S9227970O;s9227970o@studenti.itisavogadro.it
S9227971C;s9227971c@studenti.itisavogadro.it
S9261622C;s9261622c@studenti.itisavogadro.it
S9227972M;s9227972m@studenti.itisavogadro.it
S9227973Q;s9227973q@studenti.itisavogadro.it
S9227974V;s9227974v@studenti.itisavogadro.it
S9227975P;s9227975p@studenti.itisavogadro.it
S9228082K;s9228082k@studenti.itisavogadro.it
S9228083S;s9228083s@studenti.itisavogadro.it
S9228084L;s9228084l@studenti.itisavogadro.it
S9261912A;s9261912a@studenti.itisavogadro.it
S9275665U;s9275665u@studenti.itisavogadro.it
S9228085L;s9228085l@studenti.itisavogadro.it
S9337919D;s9337919d@studenti.itisavogadro.it
S9275663T;s9275663t@studenti.itisavogadro.it
S9252991O;s9252991o@studenti.itisavogadro.it
S9228087T;s9228087t@studenti.itisavogadro.it
S9246559J;s9246559j@studenti.itisavogadro.it
S9228088K;s9228088k@studenti.itisavogadro.it
S9228089E;s9228089e@studenti.itisavogadro.it
S9228092X;s9228092x@studenti.itisavogadro.it
S9228091P;s9228091p@studenti.itisavogadro.it
S9228093T;s9228093t@studenti.itisavogadro.it
S9228094E;s9228094e@studenti.itisavogadro.it
S9228095Y;s9228095y@studenti.itisavogadro.it
S8501587C;s8501587c@studenti.itisavogadro.it
S6713918R;s6713918r@studenti.itisavogadro.it
S5837137V;s5837137v@studenti.itisavogadro.it
S9252892X;s9252892x@studenti.itisavogadro.it
S9234983P;s9234983p@studenti.itisavogadro.it
S5779750Y;s5779750y@studenti.itisavogadro.it
S9245399J;s9245399j@studenti.itisavogadro.it
S9234980R;s9234980r@studenti.itisavogadro.it
S9234984O;s9234984o@studenti.itisavogadro.it
S9234986U;s9234986u@studenti.itisavogadro.it
S9275666W;s9275666w@studenti.itisavogadro.it
S9234987S;s9234987s@studenti.itisavogadro.it
S9280938U;s9280938u@studenti.itisavogadro.it
S8491298Z;s8491298z@studenti.itisavogadro.it
S8540987D;s8540987d@studenti.itisavogadro.it
S1172771X;s1172771x@studenti.itisavogadro.it
S9228086H;s9228086h@studenti.itisavogadro.it
S9234988P;s9234988p@studenti.itisavogadro.it
S9246562C;s9246562c@studenti.itisavogadro.it
S9325351S;s9325351s@studenti.itisavogadro.it
S9277651F;s9277651f@studenti.itisavogadro.it
S9327971D;s9327971d@studenti.itisavogadro.it
S9234991G;s9234991g@studenti.itisavogadro.it
S7814147Z;s7814147z@studenti.itisavogadro.it
S9234994F;s9234994f@studenti.itisavogadro.it
S9233257F;s9233257f@studenti.itisavogadro.it
S8491241E;s8491241e@studenti.itisavogadro.it
S9233262H;s9233262h@studenti.itisavogadro.it
S9233316C;s9233316c@studenti.itisavogadro.it
S8491287L;s8491287l@studenti.itisavogadro.it
S9313354D;s9313354d@studenti.itisavogadro.it
S9233320I;s9233320i@studenti.itisavogadro.it
S9233328W;s9233328w@studenti.itisavogadro.it
S9233329I;s9233329i@studenti.itisavogadro.it
S9233898A;s9233898a@studenti.itisavogadro.it
S9241879X;s9241879x@studenti.itisavogadro.it
S2957587F;s2957587f@studenti.itisavogadro.it
S9234139I;s9234139i@studenti.itisavogadro.it
S9234141T;s9234141t@studenti.itisavogadro.it
S5779733Y;s5779733y@studenti.itisavogadro.it
S9234196N;s9234196n@studenti.itisavogadro.it
S7816924O;s7816924o@studenti.itisavogadro.it
S9234201S;s9234201s@studenti.itisavogadro.it
S5881705T;s5881705t@studenti.itisavogadro.it
S9234989B;s9234989b@studenti.itisavogadro.it
S9234230P;s9234230p@studenti.itisavogadro.it
S9234235Q;s9234235q@studenti.itisavogadro.it
S9241883A;s9241883a@studenti.itisavogadro.it
S8501576X;s8501576x@studenti.itisavogadro.it
S9234244T;s9234244t@studenti.itisavogadro.it
S8501770W;s8501770w@studenti.itisavogadro.it
S9241910K;s9241910k@studenti.itisavogadro.it
S9234262O;s9234262o@studenti.itisavogadro.it
S8491232D;s8491232d@studenti.itisavogadro.it
S5780048J;s5780048j@studenti.itisavogadro.it
S9333038Z;s9333038z@studenti.itisavogadro.it
S8541019V;s8541019v@studenti.itisavogadro.it
S5965090L;s5965090l@studenti.itisavogadro.it
S9285832N;s9285832n@studenti.itisavogadro.it
S7814054N;s7814054n@studenti.itisavogadro.it
S9261903D;s9261903d@studenti.itisavogadro.it
S9234995N;s9234995n@studenti.itisavogadro.it
S8491294A;s8491294a@studenti.itisavogadro.it
S9253018Y;s9253018y@studenti.itisavogadro.it
S4066658R;s4066658r@studenti.itisavogadro.it
S9234999O;s9234999o@studenti.itisavogadro.it
S9235000Z;s9235000z@studenti.itisavogadro.it
S9235002D;s9235002d@studenti.itisavogadro.it
S7816933M;s7816933m@studenti.itisavogadro.it
S9235003P;s9235003p@studenti.itisavogadro.it
S9235006G;s9235006g@studenti.itisavogadro.it
S9235008F;s9235008f@studenti.itisavogadro.it
S8502220C;s8502220c@studenti.itisavogadro.it
S9280937R;s9280937r@studenti.itisavogadro.it
S1172663Z;s1172663z@studenti.itisavogadro.it
S9235009X;s9235009x@studenti.itisavogadro.it
S748454Z;s748454z@studenti.itisavogadro.it
S9277657Q;s9277657q@studenti.itisavogadro.it
S7814166P;s7814166p@studenti.itisavogadro.it
S4876045Q;s4876045q@studenti.itisavogadro.it
S6171051C;s6171051c@studenti.itisavogadro.it
S6870496Q;s6870496q@studenti.itisavogadro.it
S9235021D;s9235021d@studenti.itisavogadro.it
S7106441Y;s7106441y@studenti.itisavogadro.it
S8502296I;s8502296i@studenti.itisavogadro.it
S8502253R;s8502253r@studenti.itisavogadro.it
S8562089W;s8562089w@studenti.itisavogadro.it
S8650506V;s8650506v@studenti.itisavogadro.it
S4875766H;s4875766h@studenti.itisavogadro.it
S8631725O;s8631725o@studenti.itisavogadro.it
S8539893K;s8539893k@studenti.itisavogadro.it
S7853613H;s7853613h@studenti.itisavogadro.it
S8539940U;s8539940u@studenti.itisavogadro.it
S9235022B;s9235022b@studenti.itisavogadro.it
S8539908U;s8539908u@studenti.itisavogadro.it
S8646196G;s8646196g@studenti.itisavogadro.it
S5983504B;s5983504b@studenti.itisavogadro.it
S9235023B;s9235023b@studenti.itisavogadro.it
S8502283E;s8502283e@studenti.itisavogadro.it
S8502289C;s8502289c@studenti.itisavogadro.it
S4875980S;s4875980s@studenti.itisavogadro.it
S7853617G;s7853617g@studenti.itisavogadro.it
S8528145G;s8528145g@studenti.itisavogadro.it
S8481339M;s8481339m@studenti.itisavogadro.it
S8481342Z;s8481342z@studenti.itisavogadro.it
S8481349R;s8481349r@studenti.itisavogadro.it
S6870505M;s6870505m@studenti.itisavogadro.it
S5905739M;s5905739m@studenti.itisavogadro.it
S8594848L;s8594848l@studenti.itisavogadro.it
S4876030W;s4876030w@studenti.itisavogadro.it
S7853616I;s7853616i@studenti.itisavogadro.it
S8489353P;s8489353p@studenti.itisavogadro.it
S4875991N;s4875991n@studenti.itisavogadro.it
S7816918U;s7816918u@studenti.itisavogadro.it
S7813998W;s7813998w@studenti.itisavogadro.it
S9235024W;s9235024w@studenti.itisavogadro.it
S8540982Y;s8540982y@studenti.itisavogadro.it
S8489704N;s8489704n@studenti.itisavogadro.it
S4875754Q;s4875754q@studenti.itisavogadro.it
S9246560G;s9246560g@studenti.itisavogadro.it
S8528413D;s8528413d@studenti.itisavogadro.it
S8490243N;s8490243n@studenti.itisavogadro.it
S7813872F;s7813872f@studenti.itisavogadro.it
S5905740X;s5905740x@studenti.itisavogadro.it
S8515718P;s8515718p@studenti.itisavogadro.it
S8542555J;s8542555j@studenti.itisavogadro.it
S4876136E;s4876136e@studenti.itisavogadro.it
S8502089Y;s8502089y@studenti.itisavogadro.it
S7813816U;s7813816u@studenti.itisavogadro.it
S9239894D;s9239894d@studenti.itisavogadro.it
S4876076V;s4876076v@studenti.itisavogadro.it
S9239917U;s9239917u@studenti.itisavogadro.it
S9261647T;s9261647t@studenti.itisavogadro.it
S7865587M;s7865587m@studenti.itisavogadro.it
S4876134S;s4876134s@studenti.itisavogadro.it
S7814167R;s7814167r@studenti.itisavogadro.it
S8008199F;s8008199f@studenti.itisavogadro.it
S8526797A;s8526797a@studenti.itisavogadro.it
S8585201Y;s8585201y@studenti.itisavogadro.it
S7813789D;s7813789d@studenti.itisavogadro.it
S8631711U;s8631711u@studenti.itisavogadro.it
S6870464P;s6870464p@studenti.itisavogadro.it
S7865586G;s7865586g@studenti.itisavogadro.it
S9239947H;s9239947h@studenti.itisavogadro.it
S7813792O;s7813792o@studenti.itisavogadro.it
S5171068A;s5171068a@studenti.itisavogadro.it
S4066600W;s4066600w@studenti.itisavogadro.it
S8502361J;s8502361j@studenti.itisavogadro.it
S6886593L;s6886593l@studenti.itisavogadro.it
S4066297G;s4066297g@studenti.itisavogadro.it
S2957528U;s2957528u@studenti.itisavogadro.it
S6926058U;s6926058u@studenti.itisavogadro.it
S7816927W;s7816927w@studenti.itisavogadro.it
S6926072Y;s6926072y@studenti.itisavogadro.it
S9241138A;s9241138a@studenti.itisavogadro.it
S7853615Y;s7853615y@studenti.itisavogadro.it
S7816926Y;s7816926y@studenti.itisavogadro.it
S7816925O;s7816925o@studenti.itisavogadro.it
S9261628U;s9261628u@studenti.itisavogadro.it
S7813991U;s7813991u@studenti.itisavogadro.it
S7916932T;s7916932t@studenti.itisavogadro.it
S7030844Y;s7030844y@studenti.itisavogadro.it
S7880595U;s7880595u@studenti.itisavogadro.it
S2957718P;s2957718p@studenti.itisavogadro.it
S7816922R;s7816922r@studenti.itisavogadro.it
S9240041R;s9240041r@studenti.itisavogadro.it
S7816917H;s7816917h@studenti.itisavogadro.it
S8644333E;s8644333e@studenti.itisavogadro.it
S4066343N;s4066343n@studenti.itisavogadro.it
S5780050S;s5780050s@studenti.itisavogadro.it
S7814016F;s7814016f@studenti.itisavogadro.it
S7814130Z;s7814130z@studenti.itisavogadro.it
S6870500D;s6870500d@studenti.itisavogadro.it
S8491289A;s8491289a@studenti.itisavogadro.it
S8502374V;s8502374v@studenti.itisavogadro.it
S6870497W;s6870497w@studenti.itisavogadro.it
S4066521D;s4066521d@studenti.itisavogadro.it
S9241785C;s9241785c@studenti.itisavogadro.it
S5905731U;s5905731u@studenti.itisavogadro.it
S1172811E;s1172811e@studenti.itisavogadro.it
S7980126Y;s7980126y@studenti.itisavogadro.it
S6958929Z;s6958929z@studenti.itisavogadro.it
S2957657F;s2957657f@studenti.itisavogadro.it
S6870492D;s6870492d@studenti.itisavogadro.it
S7813983X;s7813983x@studenti.itisavogadro.it
S9241573A;s9241573a@studenti.itisavogadro.it
S7824812Y;s7824812y@studenti.itisavogadro.it
S6886591L;s6886591l@studenti.itisavogadro.it
S6870488M;s6870488m@studenti.itisavogadro.it
S7095762Z;s7095762z@studenti.itisavogadro.it
S6926062P;s6926062p@studenti.itisavogadro.it
S8938421Z;s8938421z@studenti.itisavogadro.it
S6926069L;s6926069l@studenti.itisavogadro.it
S2957752L;s2957752l@studenti.itisavogadro.it
S7813919Y;s7813919y@studenti.itisavogadro.it
S8502402Y;s8502402y@studenti.itisavogadro.it
S6027179Q;s6027179q@studenti.itisavogadro.it
S7838835X;s7838835x@studenti.itisavogadro.it
S6870471T;s6870471t@studenti.itisavogadro.it
S4066301L;s4066301l@studenti.itisavogadro.it
S9330200Y;s9330200y@studenti.itisavogadro.it
S7853608Q;s7853608q@studenti.itisavogadro.it
S9328457N;s9328457n@studenti.itisavogadro.it
S8648787K;s8648787k@studenti.itisavogadro.it
S9261648W;s9261648w@studenti.itisavogadro.it
S7814093A;s7814093a@studenti.itisavogadro.it
S9245596O;s9245596o@studenti.itisavogadro.it
S7814052W;s7814052w@studenti.itisavogadro.it
S6870495E;s6870495e@studenti.itisavogadro.it
S9257402G;s9257402g@studenti.itisavogadro.it
S4066470B;s4066470b@studenti.itisavogadro.it
S8502369Z;s8502369z@studenti.itisavogadro.it
S4066326Y;s4066326y@studenti.itisavogadro.it
S8502102V;s8502102v@studenti.itisavogadro.it
S7813982J;s7813982j@studenti.itisavogadro.it
S5837140P;s5837140p@studenti.itisavogadro.it
S5881695D;s5881695d@studenti.itisavogadro.it
S7814140W;s7814140w@studenti.itisavogadro.it
S5867786W;s5867786w@studenti.itisavogadro.it
S4066348H;s4066348h@studenti.itisavogadro.it
S6870473F;s6870473f@studenti.itisavogadro.it
S7853610Z;s7853610z@studenti.itisavogadro.it
